tax_name,tax_rank,May-14,Jun-14,Oct-14,Jan-15,Feb-15,21-Apr,28-Apr,Jun-15,Aug-15,Sep-15,Sep 2015b,Oct 6 2015,Oct 13 2015,Oct 18 2015b,Oct 19 2015b,Oct 20 2015,Oct 21 2015,Oct 26 2015,Nov 3 2015b
Bacteria,superkingdom,1000000,1000000,1000000,1000000,1000000,1000000,1000000,1000000,1000000,1000000,1000000,1000000,1000000,1000000,1000000,999999,999999,1000000,999999
Firmicutes,phylum,622877,463379,584498,718361,679300,822678,695627,684322,642701,729594,651287,766138,808642,797334,859450,582556,584971,725880,821921
Clostridia,class,594430,445055,564954,706626,674937,792663,666761,673988,622361,695212,626270,747147,790978,772097,833861,561042,562935,705897,794588
Clostridiales,order,594169,445055,564866,706215,674232,792414,666681,673880,622244,694470,625217,746619,789029,770008,832438,559701,562805,705314,792262
Bacteroidetes/Chlorobi group,superphylum,255734,299266,274886,164336,149178,99608,137360,219758,184516,162185,249473,139424,150282,164485,82280,313063,352856,216364,118335
Bacteroidetes,phylum,255727,299266,274848,164242,149002,99608,137360,219758,184508,162185,249473,139424,150282,164485,82280,313063,352856,216364,118335
Bacteroidia,class,255537,162842,274696,163190,148517,99368,137115,217323,184204,155708,247615,133380,146471,159659,77524,312998,352856,216364,118335
Bacteroidales,order,255315,162842,274456,162343,148429,99269,136998,216241,184136,155708,247485,133380,146471,159659,77524,312998,352856,216364,118335
Ruminococcaceae,family,247269,181745,170223,302166,387114,335576,348572,406568,307556,87480,195110,202206,251942,139776,214048,157213,108943,291855,229796
Bacteroidaceae,family,148913,89427,217378,130723,109559,58587,83960,156189,68127,99652,141085,93215,107215,97298,38640,239218,319033,169356,89079
Bacteroides,genus,146313,89427,215077,127174,103962,57055,81401,143584,65516,99583,140800,93215,107156,97298,38640,239175,318686,169269,89079
Lachnospiraceae,family,138422,146367,131059,237549,230929,283483,169952,159489,206554,432082,295999,402969,433580,476936,498250,315136,422998,332285,433066
Faecalibacterium,genus,107526,63761,6422,141979,203737,153356,187218,222625,76885,63303,159332,160692,216057,96266,166728,111951,86636,205001,178700
Faecalibacterium prausnitzii,species,99571,62316,5790,95382,136354,106400,165582,194114,60451,10328,138161,124107,177181,18465,106472,91278,80270,154666,109112
Christensenellaceae,family,82585,39713,40290,40977,13530,58660,122801,48637,23471,0,0,35,0,0,0,21,0,0,0
Porphyromonadaceae,family,76190,60119,35852,22853,30541,26701,31273,43227,101924,33680,70555,28556,25946,40605,24217,57590,31600,27943,17051
Bacteroides plebeius,species,74140,0,160388,69390,1498,24591,27455,35003,4923,19625,27772,11748,44181,9436,3051,21971,67517,55530,23970
Ruminococcus,genus,51511,35956,93512,83827,79062,79702,54014,44741,86728,0,0,0,0,0,0,0,0,0,0
Odoribacter,genus,41039,33875,8002,11076,8417,7414,2443,18989,71690,9901,27226,6572,4456,4682,3128,5738,845,1944,1703
Clostridiaceae,family,40355,45552,75320,71041,18157,39213,5051,8710,13523,52631,37727,53497,37937,67739,41409,45404,19032,45031,47999
Coprococcus,genus,39856,33239,35789,54106,25737,53237,22723,14445,6993,0,0,0,0,0,0,0,0,0,0
Coprococcus sp. DJF_CR49,species,36631,30869,27673,46673,19303,43300,18223,12173,1324,0,0,0,0,0,0,0,0,0,0
Clostridium,genus,35012,41679,71326,66114,17628,37684,2486,6600,7635,4400,4093,3368,3180,7275,5192,5716,7298,7604,3016
Odoribacter laneus,species,34367,18036,6081,9152,7668,6753,1577,18611,52345,8980,24588,5786,3767,4010,2525,1920,54,1231,955
unclassified Bacteria (miscellaneous),no_rank,33469,22313,60112,21220,86334,34232,100686,52153,98049,0,0,0,0,0,0,0,0,0,0
unclassified Bacteria,no_rank,33469,22313,60112,21322,86334,34252,100698,52153,98049,0,0,0,0,0,0,0,0,0,0
Chlamydiae/Verrucomicrobia group,superphylum,33049,19654,8875,6808,220,12066,9913,3462,45664,12858,21365,29718,5658,5594,12704,68281,5227,3812,9406
Blautia,genus,32400,23643,38077,44689,85849,71042,19132,28349,97908,124489,58716,133403,92380,131372,180472,130453,174021,158057,163847
Verrucomicrobia,phylum,31351,19654,7699,6637,132,11880,9667,2380,44570,10328,16115,28427,4280,2977,11448,64626,4673,950,7794
Verrucomicrobiaceae,family,31320,19654,7699,6603,132,11880,9667,2380,44554,10176,15283,28309,4089,2809,11076,64310,4673,486,7598
Verrucomicrobiae,class,31320,19654,7699,6603,132,11880,9667,2380,44560,10176,15283,28309,4089,2809,11076,64310,4673,486,7598
Verrucomicrobiales,order,31320,19654,7699,6603,132,11880,9667,2380,44557,10176,15283,28309,4089,2809,11076,64310,4673,486,7598
Akkermansia,genus,30960,19654,7648,6269,0,11611,9538,2380,43559,10176,15283,28309,4089,2809,11076,64266,4673,486,7598
Proteobacteria,phylum,29764,156252,3590,9819,75140,16297,38914,21316,12914,24273,46526,10528,8531,6363,10333,13745,14759,11341,7264
Clostridium clostridioforme,species,28902,32372,15170,24128,16747,19816,810,4490,4077,0,0,0,0,0,0,0,0,0,0
Bacteroides massiliensis,species,28458,13642,17623,14224,17672,14027,15695,55778,8209,0,64,0,73,0,76,120,292,32,0
Bacteroides uniformis,species,24434,4682,13186,24222,21947,9321,21624,22776,22477,110,142,0,87,0,0,32,0,324,253
bacterium NLAE-zl-P430,species,20674,14914,38533,14874,79591,19670,86127,37167,90416,0,0,0,0,0,0,0,0,0,0
Rikenellaceae,family,20631,13296,16890,5149,6434,9763,17002,11686,10252,18511,28357,9213,10891,18897,12512,14912,2168,17141,11179
Alistipes,genus,20259,13296,16700,4559,6258,9348,16505,11686,10036,18428,28227,9166,10671,18489,12435,14596,2168,17033,11052
Barnesiella,genus,17437,11793,8470,4661,2644,5819,11509,8115,13353,7178,14126,6396,4896,9893,5756,20989,3036,8327,4824
Barnesiella intestinihominis,species,14492,9712,7712,4336,2512,5410,10987,7628,12429,6339,12229,6056,4558,9725,5538,20749,2852,7939,4778
Odoribacter laneus YIT 12061,no_rank,13780,2139,265,1009,441,1851,110,7899,11042,0,0,0,0,0,0,0,0,0,0
Roseburia,genus,13554,11157,7825,42782,10753,7952,49379,24724,32783,197983,178839,177899,251839,224276,166190,75470,75650,71214,134833
Betaproteobacteria,class,13527,9249,392,5431,7316,9817,25454,9738,5852,962,10214,3380,3679,1536,5128,5465,5389,5713,3350
Burkholderiales,order,13428,7515,392,5200,7228,9760,25239,9359,5782,962,10214,3380,3679,1536,5128,5465,5389,5713,3350
Parabacteroides,genus,11829,12313,14892,5072,13926,9404,12650,11686,12056,13285,21560,13004,14922,22859,13384,27611,27208,14787,8853
Peptostreptococcaceae,family,11758,17400,10923,24650,485,30071,2529,487,17128,44476,14594,21549,12137,11958,21038,4298,1214,12216,42404
bacterium NLAE-zl-H54,species,11512,7399,14589,4619,5288,7112,8569,13688,4776,0,0,0,0,0,0,0,0,0,0
Erysipelotrichia,class,11417,809,1138,2207,485,13535,1755,108,4453,12693,6680,5622,3752,4082,7974,4156,13913,4547,8796
Erysipelotrichales,order,11417,809,1138,2207,485,13535,1755,108,4453,12693,6680,5622,3752,4082,7974,4156,13913,4547,8796
Erysipelotrichaceae,family,11394,809,1138,2164,485,13528,1755,108,4453,12693,6680,5622,3752,4082,7974,4156,13913,4547,8796
Anaerostipes,genus,11394,11677,12338,20903,7889,37664,730,7682,18035,24342,6121,14178,10407,14863,24499,9829,16743,11082,19803
Negativicutes,class,10974,15203,6865,4088,1234,7201,9336,1244,11281,11043,11085,4178,5716,8620,6538,5443,1409,3553,5261
Actinobacteria,phylum,10974,8324,65624,76155,7712,10707,3855,11091,9756,67732,22574,53403,25960,24876,34461,21873,42141,41801,42357
Selenomonadales,order,10974,15203,6865,4088,1234,7201,9336,1244,11278,11043,11085,4178,5716,8620,6538,5443,1409,3553,5261
Actinobacteria,class,10966,8324,65624,76155,7712,10707,3855,11091,9756,67732,22574,53403,25960,24876,34461,21873,42141,41801,42357
Anaerostipes hadrus,species,10365,173,5436,2207,132,18490,12,108,8459,0,0,0,0,0,0,0,0,0,0
Parabacteroides merdae,species,9914,0,8243,2395,1102,6111,7752,7466,5560,5060,8720,4741,7432,9604,4999,13462,12048,5184,3016
Lachnospira,genus,9189,6417,3881,9776,1366,3855,17456,26564,4743,13078,14737,12711,20126,23388,18704,8367,21,6632,19814
Alistipes onderdonkii,species,9090,1734,7914,2036,4010,4679,5696,5085,6292,0,0,0,0,0,0,0,0,0,0
Actinobacteridae,subclass,8908,8324,65005,74975,7007,7328,1749,10982,5805,14605,4457,1607,732,120,2435,283,173,10455,4156
Bifidobacteriales,order,8548,6532,59177,67183,6919,7211,1749,10982,5573,14550,4418,1572,732,120,2410,240,140,10434,4064
Bifidobacteriaceae,family,8548,6532,59177,67183,6919,7211,1749,10982,5573,14550,4418,1572,732,120,2410,240,140,10434,4064
Bifidobacterium,genus,8473,6532,58747,66516,6919,7072,49,10550,5443,14522,4418,1572,732,120,2410,240,140,10434,4064
Bifidobacterium tsurumiense,species,8295,0,0,0,0,0,0,0,0,0,0,0,0,0,0,0,0,0,0
unclassified Peptostreptococcaceae,no_rank,7638,17400,7547,21690,88,23219,43,216,14756,0,0,0,0,0,0,0,0,0,0
unclassified Peptostreptococcaceae (miscellaneous),no_rank,7551,17400,7522,21673,88,23073,43,108,14740,0,0,0,0,0,0,0,0,0,0
Peptostreptococcaceae bacterium TM5,species,7551,17400,7522,21673,88,23073,43,108,14735,0,0,0,0,0,0,0,0,0,0
Parasutterella,genus,7488,2428,367,3840,6611,6304,12294,8440,4409,770,7173,2758,2389,1224,3487,4232,4912,4309,2141
Sutterellaceae,family,7488,2428,367,3986,6611,6344,12392,8440,4725,935,9877,3321,3679,1536,4974,5389,5335,5649,3258
Parasutterella excrementihominis,species,7353,2428,367,3746,6522,6095,11736,8007,4234,770,7147,2758,2389,1224,3461,4232,4912,4309,2141
Roseburia sp. 11SE38,species,6906,0,1656,37368,1410,2446,28253,17258,1255,0,0,0,0,0,0,0,0,0,0
Tenericutes,phylum,6356,2486,430,650,705,1007,6537,5356,30,151,324,46,146,120,89,141,0,475,264
Mollicutes,class,6356,2486,430,650,705,1007,6537,2705,30,151,324,46,146,120,89,141,0,475,264
Veillonellaceae,family,6348,0,5967,3216,88,3104,4873,812,4963,3163,3391,1842,3781,7179,4897,2007,867,248,1231
delta/epsilon subdivisions,subphylum,6075,0,1947,1095,1058,2127,9096,1298,3696,4153,5094,2394,2169,3986,2987,5225,7135,3013,2429
Dialister,genus,6039,0,5600,3190,88,2978,4794,649,4602,3066,3327,1737,3781,7107,4807,1898,683,64,967
Deltaproteobacteria,class,6015,0,1922,1043,925,2127,9096,1298,3693,4153,5094,2394,2169,3986,2987,5225,7135,3013,2429
Synergistetes,phylum,5944,0,695,1112,88,1409,2449,379,4491,3066,8356,669,644,1152,512,250,21,108,230
Synergistia,class,5944,0,695,1112,88,1409,2449,379,4491,3066,8356,669,644,1152,512,250,21,108,230
Pseudobutyrivibrio,genus,5944,19770,12515,18038,41338,36535,25270,23372,4056,19845,10526,20915,14351,20626,22897,46189,71367,23892,22462
Synergistaceae,family,5944,0,695,1078,88,1396,2449,379,4491,3066,8356,669,644,1152,512,250,21,108,230
Synergistales,order,5944,0,695,1112,88,1409,2449,379,4491,3066,8356,669,644,1152,512,250,21,108,230
Bacilli,class,5916,2312,11441,5286,2644,9159,17720,8764,4580,10644,7251,9154,8194,12534,10999,11912,6712,11838,13274
Oxalobacteraceae,family,5889,0,0,599,529,3350,12712,487,533,27,337,58,0,0,153,76,54,64,92
Herbaspirillum,genus,5802,0,0,547,529,3031,11981,487,412,27,337,58,0,0,153,76,54,64,92
Lactobacillales,order,5679,2312,11239,4140,1542,8943,17536,5843,4479,7563,6744,8990,8106,12438,10769,11760,6658,11719,13125
Gammaproteobacteria,class,5628,98676,341,2001,57997,2569,2873,4923,612,18676,27057,3474,2066,504,397,1832,2082,1328,264
Subdoligranulum,genus,5501,5434,329,992,8814,12339,11183,5464,34262,2681,16816,18086,13486,3890,23717,17171,14499,23514,19895
Desulfovibrionales,order,5077,0,1896,830,529,1801,8415,812,3648,4153,5094,2394,2169,3986,2987,5225,7135,3013,2429
Desulfovibrionaceae,family,5070,0,1896,830,529,1801,8415,812,3648,4153,5094,2394,2169,3986,2987,5225,7135,3013,2429
Pseudomonadales,order,4872,65495,25,68,353,20,25,3625,15,0,0,0,29,0,0,0,0,0,0
Pseudomonadaceae,family,4864,63934,25,34,264,20,0,3625,7,0,0,0,29,0,0,0,0,0,0
Subdoligranulum variabile,species,4650,3757,0,188,264,9295,6973,4815,30979,1210,10240,9061,6699,1800,9320,10200,9868,11384,5906
unclassified Bacteroidales,no_rank,4630,0,3110,1163,308,1914,3971,812,1565,0,0,0,0,0,0,0,0,0,0
Alphaproteobacteria,class,4519,48326,885,1257,8770,1785,1455,4653,2744,481,4158,1279,615,336,1820,1221,151,1285,1220
Acidaminococcaceae,family,4492,15203,796,813,1146,4097,3885,433,6312,7880,7693,2335,1934,1440,1641,3436,542,3305,4029
unclassified Bacteroidales (miscellaneous),no_rank,4452,0,2996,1163,308,1874,3891,812,1550,0,0,0,0,0,0,0,0,0,0
Bacteroidales bacterium ph8,species,4452,0,2996,1163,308,1874,3891,812,1550,0,0,0,0,0,0,0,0,0,0
unclassified Clostridiales,no_rank,4417,6012,93664,11658,7712,13841,1553,7141,46401,19322,18519,15434,15303,30423,10063,17465,7808,6200,11271
Butyricimonas,genus,4349,173,4096,1394,5288,3360,3585,3841,3749,2998,6809,2265,1407,2377,1499,2716,412,2495,1542
Odoribacter splanchnicus,species,4314,15839,1707,274,617,631,792,379,698,825,2183,692,688,672,602,3818,791,712,725
Roseburia inulinivorans,species,4254,6879,3729,2480,3922,2339,8237,5464,5273,4992,3911,7546,11170,7611,4769,18033,35895,1134,8830
Caulobacterales,order,4167,36650,683,522,308,801,847,3300,836,0,0,0,0,0,0,0,0,0,0
Caulobacteraceae,family,4159,36650,683,522,308,801,847,3300,836,0,0,0,0,0,0,0,0,0,0
Brevundimonas,genus,4151,36650,683,453,308,774,847,3300,828,0,0,0,0,0,0,0,0,0,0
unclassified Clostridiales (miscellaneous),no_rank,4151,6012,93550,11589,7360,13728,1191,6979,46203,0,0,0,0,0,0,0,0,0,0
Streptococcaceae,family,4140,2312,1176,2643,176,1485,313,108,2236,3589,1663,3403,1905,1560,2025,2640,2364,8651,7334
Bilophila,genus,3993,0,1833,633,308,1652,7881,812,3282,2200,2989,1631,1451,2953,2051,3643,6235,2063,1611
Streptococcus,genus,3985,2312,1176,2626,176,1366,295,108,1963,3506,1637,3368,1832,1464,1858,2552,2364,8619,7115
Bilophila wadsworthia,species,3977,0,1833,573,308,1559,7378,812,3244,0,0,0,0,0,0,0,0,0,0
Pyramidobacter,genus,3922,0,506,727,88,681,1142,162,1697,1760,4067,246,322,576,371,43,0,0,46
Sarcina,genus,3851,0,2705,3310,264,957,1952,325,5499,44104,31333,43110,30871,56357,33230,35629,9716,31680,37096
Dorea,genus,3582,6359,4045,7441,6699,10873,2903,974,5385,10314,3599,9835,7607,9196,11115,15763,44538,7733,10799
Phascolarctobacterium,genus,3494,15203,152,393,1146,3190,3155,271,5614,7784,7498,2194,1715,1248,1371,3414,520,3305,3960
Phascolarctobacterium faecium,species,3487,15203,88,248,1058,2924,3001,108,5525,7729,7329,2194,1715,1248,1371,3414,520,3305,3937
Blautia faecis,species,2715,0,9292,1599,1631,14060,80,108,21081,21027,5029,17840,8766,19113,26076,17542,30125,33322,17385
Butyricimonas virosa,species,2466,0,2870,667,661,1731,2873,108,2551,1210,2430,915,513,744,551,632,140,896,483
Turicibacter,genus,2406,0,442,881,0,425,632,0,1653,3176,597,1349,1671,1416,3128,774,140,745,1220
Clostridiales bacterium L2-14,species,2268,0,329,5730,88,811,141,0,8933,0,0,0,0,0,0,0,0,0,0
Dialister sp. oral clone BS095,species,2074,0,0,0,0,0,0,0,0,0,0,0,0,0,0,0,0,0,0
environmental samples,no_rank,2074,1619,367,239,220,76,55,216,23,0,0,0,0,0,0,0,0,0,0
Coriobacteriales,order,2042,0,544,1146,617,3363,2068,108,3937,53126,18116,51795,25227,24756,32025,21589,41968,31345,38201
Coriobacterineae,suborder,2042,0,544,1146,617,3363,2068,108,3937,53057,18051,51654,25227,24756,31935,21589,41859,31313,38109
Coriobacteridae,subclass,2042,0,544,1146,617,3363,2068,108,3937,53126,18116,51795,25227,24756,32025,21589,41968,31345,38201
Coriobacteriaceae,family,1991,0,544,1129,617,3363,2044,108,3925,53057,18051,51654,25227,24756,31935,21589,41859,31313,38109
Synergistes,genus,1987,0,190,274,0,685,1252,216,2753,0,0,0,0,0,0,0,0,0,0
Synergistes sp. 3_1_syn1,species,1856,0,190,274,0,572,1154,216,2467,0,0,0,0,0,0,0,0,0,0
Clostridium sp. MDA2315,species,1725,2370,480,222,0,226,37,0,31,0,0,0,0,0,0,0,0,0,0
Victivallales,no_rank,1698,0,1176,86,88,186,246,1082,1093,2530,5250,1291,1377,2617,1256,3654,553,2862,1611
Lentisphaerae,phylum,1698,0,1176,171,88,186,246,1082,1093,2530,5250,1291,1377,2617,1256,3654,553,2862,1611
Lentisphaeria,class,1698,0,1176,120,88,186,246,1082,1093,2530,5250,1291,1377,2617,1256,3654,553,2862,1611
Victivallaceae,family,1670,0,1176,86,88,186,246,974,1087,2530,5250,1291,1377,2617,1256,3654,553,2862,1611
Anaerotruncus,genus,1532,0,1656,513,749,2104,829,108,8611,13367,9110,11983,12811,25261,12679,21840,4543,52700,23947
Lactobacillaceae,family,1528,0,10038,1454,837,7337,17211,5735,2203,2846,3495,3157,3562,7515,5897,2738,1182,1339,2728
Lactobacillus,genus,1528,0,10038,1437,837,7337,17211,5735,2073,206,155,293,908,1920,1858,1101,498,982,1865
Victivallaceae bacterium NML 080035,species,1520,0,1150,86,88,173,233,974,1069,0,0,0,0,0,0,0,0,0,0
unclassified Victivallaceae,no_rank,1520,0,1150,86,88,173,233,974,1069,0,0,0,0,0,0,0,0,0,0
Lactobacillus rogosae,species,1286,0,10012,1437,441,7288,17198,5735,2073,0,0,0,0,0,0,0,0,0,0
Clostridium baratii,species,1223,0,5588,30543,132,13847,282,162,30,0,0,0,0,0,0,0,0,0,0
butyrate-producing bacterium ART55/1,order,1065,0,228,1351,88,1542,638,0,3,0,0,0,0,0,0,0,0,0,0
environmental samples,no_rank,1065,1619,367,239,220,76,55,216,23,0,0,0,0,0,0,0,0,0,0
Peptococcaceae,family,1029,809,354,436,220,482,896,271,571,12171,7862,17124,7476,8380,11358,5301,173,367,1070
Coprococcus comes,species,938,0,3666,2763,3482,4802,2038,487,1168,0,0,0,0,0,0,0,0,0,0
Acidaminococcus,genus,815,0,645,376,0,256,368,0,272,96,194,140,219,192,269,21,21,0,69
Acidaminococcus fermentans,species,807,0,645,359,0,256,368,0,272,96,194,140,219,192,269,21,0,0,69
Desulfovibrio,genus,799,0,0,137,220,50,160,0,63,1952,2105,739,718,1032,935,1581,900,950,817
environmental samples,no_rank,799,1619,367,239,220,76,55,216,23,0,0,0,0,0,0,0,0,0,0
Desulfovibrio sp. oral clone BB161,species,780,0,0,137,220,23,61,0,25,0,0,0,0,0,0,0,0,0,0
Ruminococcus faecis,species,772,6301,265,1976,6170,485,1099,0,2062,0,0,0,0,0,0,0,0,0,0
Bacteroides salyersiae,species,748,0,3628,1959,2953,429,491,2110,780,1691,2534,1701,2565,2185,910,1680,140,2570,1761
Anaerosporobacter,genus,736,2370,569,351,88,103,577,1677,213,261,246,539,1260,1872,871,174,0,2451,955
Clostridium sp. AUH-JLC235,species,732,0,392,248,0,150,135,0,320,0,0,0,0,0,0,0,0,0,0
Eubacteriaceae,family,637,0,8786,3019,264,5882,4051,2380,1347,165,142,117,0,48,76,130,54,64,57
Streptococcus thermophilus,species,633,0,948,607,176,100,160,108,1432,2530,818,2734,1216,1032,1358,2389,2190,8057,6366
Coprococcus catus,species,625,0,4045,325,0,685,129,0,3572,0,0,0,0,0,0,0,0,0,0
Porphyromonadaceae bacterium AIP925.11,species,625,1965,25,51,0,213,270,0,124,0,0,0,0,0,0,0,0,0,0
unclassified Porphyromonadaceae,no_rank,625,1965,25,51,0,213,282,0,124,0,0,0,0,0,0,0,0,0,0
Oscillospiraceae,family,609,0,291,145,0,176,485,108,106,1595,2313,1197,1231,3193,1256,1592,900,1404,771
Oscillibacter,genus,590,0,291,111,0,169,485,108,81,453,948,446,351,384,256,163,32,712,126
Peptococcus,genus,574,0,101,51,220,169,399,0,266,577,740,692,820,1200,730,469,130,367,391
Eubacterium,genus,530,0,8761,2976,264,5752,4026,2380,1341,41,25,93,0,0,76,87,32,43,23
Thermobrachium,genus,499,0,0,0,0,0,0,0,3,0,0,0,0,0,0,0,0,0,0
Clostridium sp. ID5,species,491,0,139,351,0,548,31,0,165,0,0,0,0,0,0,0,0,0,0
Adlercreutzia equolifaciens,species,475,0,0,163,0,901,264,0,635,385,1143,234,219,216,243,1800,1279,270,679
Adlercreutzia,genus,475,0,0,163,0,901,264,0,635,385,1143,234,219,216,243,1800,1279,270,679
Eubacterium desmolans,species,463,0,126,43,0,27,387,0,468,0,0,0,0,0,0,0,0,0,0
Ruminococcus sp. ID1,species,459,0,0,0,0,326,12,0,21,0,0,0,0,0,0,0,0,0,0
Enterobacteriaceae,family,451,0,88,17,54823,419,2719,703,84,18648,26914,3474,2008,504,397,1680,1865,1274,264
Enterobacteriales,order,451,0,88,17,54823,419,2731,703,87,18648,26914,3474,2008,504,397,1680,1865,1274,264
Fibrobacteres/Acidobacteria group,superphylum,439,2081,240,556,176,611,491,866,200,137,90,70,131,72,166,87,21,216,195
Acidobacteria,phylum,431,2081,240,402,176,409,491,487,200,0,0,0,0,0,0,0,0,0,0
Anaerotruncus sp. NML 070203,species,376,0,936,351,749,1010,276,108,4423,2310,2131,1420,1084,1560,1705,1320,43,356,1001
iron-reducing bacterium enrichment culture clone FeC_1_A3,species,372,0,38,51,0,43,0,0,0,0,0,0,0,0,0,0,0,0,0
Butyricimonas sp. 214-4,species,368,173,164,436,176,435,0,2976,205,0,0,0,0,0,0,0,0,0,0
Actinomycetales,order,360,1792,5828,7792,88,116,0,0,233,55,38,35,0,0,25,43,32,21,92
rumen bacterium NK4A214,species,348,0,202,265,0,153,117,0,0,0,0,0,0,0,0,0,0,0,0
butyrate-producing bacterium PH05YA09,species,348,0,25,43,88,160,276,0,1230,0,0,0,0,0,0,0,0,0,0
Clostridiales bacterium 60-7e,species,328,0,0,0,0,0,0,0,0,0,0,0,0,0,0,0,0,0,0
butyrate-producing bacterium SR1/1,order,305,0,291,180,0,1632,74,108,1474,0,0,0,0,0,0,0,0,0,0
Tannerella sp. 6_1_58FAA_CT1,species,305,0,0,0,0,140,31,0,5,0,0,0,0,0,0,0,0,0,0
Tannerella,genus,305,0,0,0,0,140,31,0,5,0,0,0,0,0,0,0,0,0,0
unclassified Acidobacteria,no_rank,301,0,25,0,0,0,55,0,3,0,0,0,0,0,0,0,0,0,0
Bacteroides intestinalis,species,297,0,152,308,0,120,209,0,104,0,0,0,0,0,0,0,0,0,0
Subdoligranulum sp. 4_3_54A2FAA,species,289,0,303,77,220,279,338,0,254,0,0,0,0,0,0,0,0,0,0
Desulfuromonadales,order,277,0,25,0,0,0,0,0,15,0,0,0,0,0,0,0,0,0,0
Geobacteraceae,family,277,0,25,0,0,0,0,0,10,0,0,0,0,0,0,0,0,0,0
Christensenella,genus,269,0,38,17,0,126,92,0,181,0,0,35,0,0,0,21,0,0,0
Hydrogenoanaerobacterium,genus,257,0,329,787,0,169,31,0,81,1168,2066,469,439,456,384,229,0,194,690
Corynebacterineae,suborder,237,1272,5613,5636,0,7,0,0,173,0,0,0,0,0,25,43,0,0,0
Bacillales,order,230,0,177,1069,1102,196,184,2921,79,3080,506,164,87,96,230,152,54,118,149
Allisonella,genus,202,0,51,26,0,43,43,0,275,68,38,82,0,72,64,0,43,97,80
Erysipelatoclostridium,genus,194,0,0,0,0,10,0,0,0,9145,5562,3849,1847,2113,4423,3054,13121,3650,7011
[Clostridium] spiroforme,species,194,0,0,0,0,10,0,0,0,0,0,0,0,0,0,0,0,0,0
Collinsella,genus,190,0,430,163,264,921,313,108,1898,23338,16011,50105,24495,24348,23474,19527,40200,30676,36543
Clostridium disporicum,species,182,0,0,43,0,0,147,0,633,0,0,0,0,0,0,0,0,0,0
bacterium NLAE-zl-P827,species,182,0,291,445,705,4978,4327,974,511,0,0,0,0,0,0,0,0,0,0
Rickettsiales,order,178,0,0,34,0,70,43,0,20,0,0,0,0,0,0,0,0,0,0
unclassified Lachnospiraceae,no_rank,178,0,442,821,4231,671,552,108,1130,0,0,0,0,0,0,0,0,0,0
Lactobacillus casei group,species_group,174,0,0,0,0,27,0,0,0,0,0,0,0,0,0,0,0,0,0
Lactobacillus paracasei,species,174,0,0,0,0,27,0,0,0,0,0,0,0,0,0,0,0,0,0
Parabacteroides johnsonii CL02T12C29,no_rank,170,0,0,51,0,143,141,0,51,0,0,0,0,0,0,0,0,0,0
Butyrivibrio,genus,170,0,51,1702,0,209,80,1136,48,0,0,0,0,0,0,0,0,0,0
Ruminococcus lactaris,species,170,2023,0,376,308,2722,3364,3517,2700,0,0,0,0,0,0,0,0,0,0
Parabacteroides johnsonii,species,170,0,0,86,220,143,141,0,63,1884,3249,845,439,1344,807,1363,498,108,218
Lachnospiraceae bacterium 1_1_57FAA,species,162,0,405,821,4231,598,522,108,1077,0,0,0,0,0,0,0,0,0,0
Blautia stercoris,species,162,0,898,736,6611,1622,135,108,369,1994,311,1725,952,312,448,43,21,64,1277
Flavonifractor,genus,158,0,76,17,176,47,307,162,127,10204,9877,3943,6787,12318,769,7538,1268,2840,4685
Corynebacteriaceae,family,154,0,5613,5636,0,7,0,0,173,0,0,0,0,0,25,43,0,0,0
Victivallis,genus,150,0,25,0,0,13,12,0,12,2530,5224,1291,1377,2617,1256,3654,553,2862,1611
bacterium enrichment culture clone Ecwsrb035,species,146,0,0,0,0,0,0,0,0,0,0,0,0,0,0,0,0,0,0
Alistipes finegoldii,species,142,0,51,214,264,156,1577,1839,40,0,0,0,0,0,0,0,0,0,0
butyrate-producing bacterium L1-93,species,142,0,0,0,0,30,55,0,31,0,0,0,0,0,0,0,0,0,0
Corynebacterium,genus,142,0,5613,5619,0,7,0,0,173,0,0,0,0,0,25,21,0,0,0
Clostridium lavalense,species,139,0,25,0,0,30,74,0,630,0,0,0,0,0,0,0,0,0,0
Victivallis vadensis,species,139,0,0,0,0,7,12,0,8,0,0,0,0,0,0,0,0,0,0
Pectobacterium carotovorum,species,135,0,0,0,13750,10,55,0,0,0,0,0,0,0,0,0,0,0,0
Pectobacterium,genus,135,0,0,0,13750,10,55,0,0,0,0,0,0,0,0,0,0,0,0
Anaplasmataceae,family,135,0,0,0,0,70,43,0,12,0,0,0,0,0,0,0,0,0,0
unclassified Deltaproteobacteria,no_rank,127,0,0,0,0,249,620,0,5,0,0,0,0,0,0,0,0,0,0
unclassified Deltaproteobacteria (miscellaneous),no_rank,127,0,0,0,0,173,620,0,5,0,0,0,0,0,0,0,0,0,0
Lactococcus,genus,123,0,0,0,0,120,18,0,270,41,25,35,73,96,166,87,0,32,218
Lactococcus lactis,species,123,0,0,0,0,120,18,0,266,0,0,0,0,0,0,0,0,0,0
unclassified Ehrlichia,no_rank,119,0,0,0,0,60,12,0,0,0,0,0,0,0,0,0,0,0,0
Ehrlichia,genus,119,0,0,0,0,60,12,0,0,0,0,0,0,0,0,0,0,0,0
Enterobacter,genus,115,0,0,0,970,0,18,0,0,247,467,0,278,0,0,0,0,0,0
Enterobacter cloacae,species,115,0,0,0,705,0,18,0,0,0,0,0,0,0,0,0,0,0,0
Flavonifractor plautii,species,115,0,25,17,176,30,282,162,97,275,545,504,439,384,230,938,694,399,276
Syntrophomonadaceae,family,115,0,0,17,0,23,25,0,3,0,0,0,0,0,0,0,0,0,0
Enterobacter cloacae complex,species_group,115,0,0,0,705,0,18,0,0,0,0,0,0,0,0,0,0,0,0
Pseudoflavonifractor capillosus,species,107,0,38,34,0,56,55,0,68,68,38,0,0,144,166,229,0,140,115
Pseudoflavonifractor,genus,107,0,38,34,0,56,55,0,68,68,38,0,0,144,166,229,0,140,115
Clostridium sp. 619,species,107,2312,51,17,0,110,18,0,114,0,0,0,0,0,0,0,0,0,0
Cronobacter,genus,99,0,51,17,35917,399,2584,703,81,0,0,0,0,0,0,0,0,0,0
Holdemania,genus,99,0,0,0,0,33,86,0,76,123,272,140,29,96,102,43,130,86,92
Cronobacter sakazakii,species,99,0,51,17,35917,399,2584,703,81,0,0,0,0,0,0,0,0,0,0
Gordonibacter,genus,95,0,0,68,0,256,117,0,73,41,90,58,29,0,0,0,65,97,103
Sphingobacteriia,class,95,11041,38,34,176,83,31,0,66,0,0,0,0,0,0,0,0,0,0
Chloroflexi,phylum,95,0,88,86,88,37,43,0,56,0,0,0,0,0,0,0,0,0,0
Gordonibacter pamelaeae,species,95,0,0,68,0,256,117,0,73,41,90,58,29,0,0,0,65,97,103
environmental samples,no_rank,91,1619,367,239,220,76,55,216,23,0,0,0,0,0,0,0,0,0,0
Clostridium leptum,species,91,0,51,0,0,153,203,0,412,0,0,0,0,0,0,0,0,0,0
Oxalobacter,genus,87,0,0,0,0,319,718,0,117,0,0,0,0,0,0,0,0,0,0
Rhodospirillaceae,family,87,5954,0,325,7756,312,522,1136,1527,178,3236,1279,615,336,1820,1221,151,1285,1220
Oxalobacter formigenes,species,87,0,0,0,0,319,718,0,117,0,0,0,0,0,0,0,0,0,0
Rhodospirillales,order,87,5954,25,325,7889,319,534,1136,1537,481,4158,1279,615,336,1820,1221,151,1285,1220
Prevotellaceae,family,87,0,632,419,220,80,12,2489,609,0,25,23,0,0,0,0,54,32,23
Pantoea endophytica,species,87,0,0,0,0,0,0,0,0,0,0,0,0,0,0,0,0,0,0
Dehalococcoidia,class,87,0,88,26,0,0,0,0,0,0,0,0,0,0,0,0,0,0,0
Pantoea,genus,87,0,0,0,264,0,0,0,0,137,0,0,29,0,0,0,0,0,0
Nocardia,genus,83,0,0,0,0,0,0,0,0,0,0,0,0,0,0,0,0,0,0
Peptoclostridium difficile,species,83,0,101,0,0,53,0,0,7,0,0,0,0,0,0,0,0,0,0
Peptoclostridium,genus,83,0,101,0,0,53,0,0,7,55,0,46,73,48,25,0,0,21,0
Bacteroides rodentium,species,83,0,51,34,132,86,80,162,79,0,0,0,0,0,0,0,0,0,0
Nocardiaceae,family,83,1272,0,0,0,0,0,0,0,0,0,0,0,0,0,0,0,0,0
Peptoclostridium difficile M120,no_rank,83,0,101,0,0,43,0,0,3,0,0,0,0,0,0,0,0,0,0
Prevotella,genus,79,0,632,334,220,0,0,0,604,0,25,23,0,0,0,0,54,32,23
[Ruminococcus] obeum,species,79,0,9317,8100,48918,10558,3609,5572,37790,0,0,0,0,0,0,0,0,0,0
Micrococcineae,suborder,79,0,76,1873,0,20,0,0,13,0,0,0,0,0,0,0,0,0,23
Sphingobacteriales,order,79,11041,38,34,0,83,31,0,63,0,0,0,0,0,0,0,0,0,0
Pedobacter,genus,79,0,0,17,0,0,0,0,7,0,0,0,0,0,0,0,0,0,0
Sphingobacteriaceae,family,79,11041,0,17,0,0,0,0,10,0,0,0,0,0,0,0,0,0,0
Nitrospira,class,75,0,0,60,0,0,0,0,8,0,0,0,0,0,0,0,0,0,0
Nitrospirae,phylum,75,0,0,60,0,0,0,0,8,0,0,0,0,0,0,0,0,0,0
Acidobacteriia,class,75,2081,215,214,176,395,405,271,173,0,0,0,0,0,0,0,0,0,0
Nitrospirales,order,75,0,0,60,0,0,0,0,0,0,0,0,0,0,0,0,0,0,0
Nitrospiraceae,family,75,0,0,26,0,0,0,0,0,0,0,0,0,0,0,0,0,0,0
Thermoanaerobacterales,order,71,0,38,34,0,17,31,0,21,151,324,187,234,264,89,98,0,129,69
Clostridiales incertae sedis,no_rank,67,0,265,411,0,27,0,325,444,1168,1273,680,762,384,705,425,314,745,817
Corynebacterium freneyi,species,67,0,4007,334,0,0,0,0,3,0,0,0,0,0,0,0,0,0,0
unclassified Erysipelotrichaceae,no_rank,67,0,0,0,0,53,0,0,139,0,0,0,0,0,0,0,0,0,0
[Streptococcus] pleomorphus,species,67,0,0,0,0,53,0,0,3,0,0,0,0,0,0,0,0,0,0
Holdemania filiformis,species,63,0,0,0,0,20,31,0,43,123,272,140,29,96,102,43,130,86,92
Listeria,genus,59,0,0,26,0,0,0,0,0,0,0,0,0,0,0,0,0,0,0
Papillibacter,genus,59,0,0,17,0,13,0,0,54,68,25,117,73,0,38,54,21,97,57
Listeria monocytogenes serotype 4b str. CLIP 80459,no_rank,59,0,0,0,0,0,0,0,0,0,0,0,0,0,0,0,0,0,0
Listeria monocytogenes,species,59,0,0,0,0,0,0,0,0,0,0,0,0,0,0,0,0,0,0
Listeriaceae,family,59,0,0,26,0,0,0,0,0,0,0,0,0,0,0,0,0,0,0
Clostridium clariflavum DSM 19732,no_rank,59,0,0,17,0,0,0,0,3,0,0,0,0,0,0,0,0,0,0
Clostridium clariflavum,species,59,0,0,17,0,0,0,0,3,0,0,0,0,0,0,0,0,0,0
Myxococcales,order,55,0,0,17,0,7,0,0,0,0,0,0,0,0,0,0,0,0,0
Sorangiineae,suborder,55,0,0,17,0,7,0,0,0,0,0,0,0,0,0,0,0,0,0
OM182 clade,no_rank,55,0,0,34,0,76,0,0,12,0,0,0,0,0,0,0,0,0,0
Pasteurellaceae,family,55,0,0,0,0,0,12,0,40,27,142,0,29,0,0,152,216,54,0
Pasteurellales,order,55,0,0,0,0,0,12,0,40,27,142,0,29,0,0,152,216,54,0
OMG group,no_rank,55,0,0,34,0,76,0,0,12,0,0,0,0,0,0,0,0,0,0
unclassified Gammaproteobacteria,no_rank,55,33181,0,128,0,90,12,0,15,0,0,0,0,0,0,0,0,0,0
Paenibacillus,genus,51,0,0,111,0,0,0,2759,3,0,0,0,0,0,0,0,0,0,0
Bifidobacterium animalis,species,51,0,37534,51112,4716,6467,12,10009,46,0,0,0,0,0,0,0,0,0,0
Paenibacillaceae,family,51,0,0,128,0,10,37,2759,7,0,0,0,0,0,0,0,0,0,0
Enterorhabdus,genus,51,0,0,0,0,56,0,0,41,110,64,23,0,0,38,21,21,0,0
Micrococcaceae,family,47,0,0,1274,0,7,0,0,7,0,0,0,0,0,0,0,0,0,0
Denitrobacterium,genus,47,0,0,34,0,226,0,0,26,0,0,0,0,0,0,0,0,0,0
Veillonella,genus,47,0,0,0,0,7,25,0,40,0,25,0,0,0,0,109,119,32,126
Desulfobacterales,order,47,0,0,34,176,10,18,108,7,0,0,0,0,0,0,0,0,0,0
Desulfovirgula,genus,47,0,0,0,0,7,18,0,3,0,0,0,0,0,0,0,0,0,0
Anaerofilum,genus,47,0,0,26,0,50,104,0,157,0,90,93,43,0,89,338,412,118,184
Thermoanaerobacteraceae,family,47,0,38,34,0,17,18,0,7,151,324,187,234,264,89,98,0,129,69
Barnesiella intestinihominis YIT 11860,no_rank,44,0,25,86,0,13,0,108,45,0,0,0,0,0,0,0,0,0,0
bacterium NLAE-zl-G423,species,44,0,0,0,0,33,153,0,49,0,0,0,0,0,0,0,0,0,0
Acidaminococcus fermentans DSM 20731,no_rank,44,0,25,17,0,23,49,0,3,0,0,0,0,0,0,0,0,0,0
Arthrobacter,genus,40,0,0,1257,0,0,0,0,7,0,0,0,0,0,0,0,0,0,0
Bacillaceae,family,40,0,51,727,88,50,98,0,18,2943,376,0,0,0,0,21,0,0,0
Haemophilus,genus,40,0,0,0,0,0,12,0,33,0,64,0,0,0,0,152,216,32,0
Prevotella buccalis,species,40,0,240,60,0,0,0,0,208,0,25,23,0,0,0,0,0,32,23
Clostridium sp. YIT 12069,species,36,0,0,17,0,50,0,0,7,0,0,0,0,0,0,0,0,0,0
Spirochaetales,order,36,0,544,86,88,1007,3959,0,1379,0,0,0,0,0,0,0,0,0,0
Herbaspirillum sp. TSA30,species,36,0,0,0,0,0,0,0,0,0,0,0,0,0,0,0,0,0,0
Catenibacterium,genus,36,0,177,0,0,189,104,0,3,68,25,105,73,456,89,98,0,32,402
Clostridium sp. CM-C52,species,36,0,0,0,0,13,0,0,3,0,0,0,0,0,0,0,0,0,0
Spirochaetia,class,36,0,544,86,88,1014,3959,0,1379,0,0,0,0,0,0,0,0,0,0
Spirochaetes,phylum,36,0,544,86,88,1014,3959,0,1379,0,0,0,0,0,0,0,0,0,0
Planctomycetes,phylum,36,0,0,0,0,7,0,0,3,0,0,0,0,0,0,0,0,0,0
Clostridium sp.,species,36,0,25,0,0,53,86,0,56,0,0,0,0,0,0,0,0,0,0
unclassified Clostridia (miscellaneous),no_rank,32,0,0,0,0,0,0,0,0,0,0,0,0,0,0,0,0,0,0
Rhizobiales,order,32,5723,0,86,0,548,12,0,0,0,0,0,0,0,0,0,0,0,0
Bacillus,genus,32,0,51,727,0,27,25,0,15,2943,376,0,0,0,0,21,0,0,0
unclassified Clostridia,no_rank,32,0,0,0,0,0,0,0,0,0,0,0,0,0,0,0,0,0,0
Hyphomicrobiaceae,family,32,1792,0,0,0,133,0,0,0,0,0,0,0,0,0,0,0,0,0
Cytophagaceae,family,32,0,76,94,0,27,25,108,18,0,0,0,0,0,0,0,0,0,0
Bifidobacterium longum,species,32,0,1858,9571,2115,452,0,325,21,55,0,0,0,0,0,0,0,0,0
Cytophagia,class,32,0,76,180,0,33,49,108,21,0,0,0,0,0,0,0,0,0,0
Xanthomonadales,order,32,0,0,120,0,33,0,108,56,0,0,0,0,0,0,0,0,0,0
Akkermansia muciniphila,species,32,0,0,0,0,53,0,0,203,0,0,0,0,0,0,0,0,0,0
Cytophagales,order,32,0,76,180,0,33,49,108,21,0,0,0,0,0,0,0,0,0,0
Arthrobacter crystallopoietes BAB-32,no_rank,32,0,0,0,0,0,0,0,3,0,0,0,0,0,0,0,0,0,0
Cellulosilyticum,genus,32,0,0,205,132,7,0,0,35,0,0,0,0,0,0,0,0,0,0
Arthrobacter crystallopoietes,species,32,0,0,0,0,0,0,0,3,0,0,0,0,0,0,0,0,0,0
Eubacterium hallii,species,32,0,88,171,0,90,12,162,78,0,0,0,0,0,0,0,0,0,0
Ruminococcus sp. 14531,species,32,0,0,17,0,13,0,0,76,0,0,0,0,0,0,0,0,0,0
Blautia sp. YHC-4,species,28,0,0,0,0,0,12,0,21,41,0,35,0,48,76,32,0,0,34
Clostridiales bacterium CIEAF 022,species,28,0,0,0,0,20,117,0,46,0,0,0,0,0,0,0,0,0,0
Corynebacterium mucifaciens,species,28,0,316,60,0,0,0,0,8,0,0,0,0,0,0,0,0,0,0
Methylophilales,order,28,0,0,0,0,0,0,0,0,0,0,0,0,0,0,0,0,0,0
unclassified Methylophilales,no_rank,28,0,0,0,0,0,0,0,0,0,0,0,0,0,0,0,0,0,0
Alistipes indistinctus,species,28,0,101,17,0,73,92,0,143,96,129,46,43,0,0,109,0,75,92
Clostridiales Family XI. Incertae Sedis,family,28,0,265,411,0,13,0,0,421,27,0,70,0,0,38,43,0,0,23
OM43 clade,no_rank,28,0,0,0,0,0,0,0,0,0,0,0,0,0,0,0,0,0,0
Anaerotruncus colihominis,species,28,0,0,17,0,66,0,0,130,82,64,70,29,48,64,196,86,97,23
Oribacterium,genus,28,0,0,17,0,33,12,0,26,0,0,0,0,0,0,0,0,0,0
Chromatiaceae,family,28,0,51,77,0,20,25,108,112,0,0,0,0,0,0,0,0,0,0
Chromatiales,order,28,0,51,547,88,73,25,108,130,0,0,0,0,0,0,0,0,0,0
Bacillales Family XI. Incertae Sedis,no_rank,28,0,0,34,0,17,0,162,25,0,0,0,0,0,38,87,0,0,57
Oscillospira,genus,28,0,0,0,0,0,18,0,3,646,844,293,630,1560,858,349,151,280,345
Bacillales incertae sedis,no_rank,28,0,0,34,0,17,0,162,25,0,0,0,0,0,38,87,0,0,57
Bifidobacterium thermacidophilum,species,28,0,0,0,88,0,0,0,0,0,0,0,0,0,0,0,0,0,0
Clostridium chauvoei,species,28,0,0,17,0,153,288,0,35,0,0,0,0,0,0,0,0,0,0
Defluviitalea,no_rank,24,0,0,77,88,199,2013,0,106,0,0,0,0,0,0,0,0,0,0
Gardnerella,genus,24,0,76,214,0,63,1688,216,12,0,0,0,0,0,0,0,0,0,0
Opitutae,class,24,0,0,34,0,0,0,0,10,151,831,117,190,168,371,316,0,464,195
Staphylococcaceae,family,24,0,126,34,0,63,25,0,13,0,0,0,0,0,25,0,0,0,0
Defluviitaleaceae,family,24,0,0,77,88,199,2013,0,106,0,0,0,0,0,0,0,0,0,0
Bacteroides caccae,species,24,0,1795,60,88,20,18,162,23824,2984,5783,10856,2946,3073,1948,4865,18001,3899,2406
Alcanivoracaceae,family,24,0,25,0,0,7,0,0,7,0,0,0,0,0,0,0,0,0,0
Oceanospirillales,order,24,0,126,34,132,7,0,0,10,0,0,0,0,0,0,0,0,0,0
Clostridiales Family XII. Incertae Sedis,family,24,0,0,0,0,0,0,325,0,0,0,0,0,0,0,0,0,0,0
Veillonella sp. oral clone VeillD5,species,24,0,0,0,0,0,0,0,0,0,0,0,0,0,0,0,0,0,0
Thalassospira,genus,24,3064,0,299,7580,236,503,1136,1512,178,3236,1244,615,336,1794,1221,151,1285,1220
Eggerthella,genus,24,0,0,0,0,263,12,0,36,55,103,58,0,0,0,43,162,54,138
Robinsoniella,genus,24,0,0,0,0,7,0,0,53,0,0,0,0,0,0,0,0,0,0
Comamonadaceae,family,24,0,0,428,0,13,31,162,513,0,0,0,0,0,0,0,0,0,0
Eggerthella lenta,species,24,0,0,0,0,263,12,0,36,0,0,0,0,0,0,0,0,0,0
Clostridium sp. NML 04A032,species,24,1503,0,137,0,7,0,0,134,0,0,0,0,0,0,0,0,0,0
Xanthomonadaceae,family,24,0,0,17,0,7,0,108,12,0,0,0,0,0,0,0,0,0,0
environmental samples,no_rank,24,1619,367,239,220,76,55,216,23,0,0,0,0,0,0,0,0,0,0
Bifidobacterium breve,species,20,0,0,26,0,0,0,0,5,0,0,0,0,0,0,0,0,0,0
unclassified Peptococcaceae,no_rank,20,0,0,0,0,0,12,0,12,0,0,0,0,0,0,0,0,0,0
Gemella haemolysans,species,20,0,0,0,0,0,0,0,25,0,0,0,0,0,0,0,0,0,0
bacterium NLAE-zl-P562,species,20,0,25,0,0,0,31,0,18,0,0,0,0,0,0,0,0,0,0
Clostridium sp. YIT 12070,species,20,0,0,0,0,10,0,0,3,0,0,0,0,0,0,0,0,0,0
Corynebacterium tuberculostearicum,species,20,0,0,0,0,0,0,0,0,0,0,0,0,0,0,0,0,0,0
Megasphaera,genus,20,0,25,0,0,20,0,0,3,27,0,23,0,0,25,0,21,54,57
Amycolatopsis,genus,20,0,0,0,0,0,0,0,0,0,0,0,0,0,0,0,0,0,0
Desulfovibrio sp. enrichment culture clone Jdgsrb034,species,20,0,0,0,0,0,0,0,0,0,0,0,0,0,0,0,0,0,0
Eubacterium sp. 3_1_31,species,20,0,0,0,0,50,0,0,111,0,0,0,0,0,0,0,0,0,0
Pseudonocardiaceae,family,20,0,0,0,0,0,0,0,3,0,0,0,0,0,0,0,0,0,0
Gemella,genus,20,0,0,0,0,17,0,0,25,0,0,0,0,0,38,87,0,0,57
Marvinbryantia,genus,20,0,51,479,0,1110,160,216,1046,1430,246,1138,1158,984,1730,720,325,1350,2901
Rhodocyclales,order,20,0,0,26,0,0,0,162,10,0,0,0,0,0,0,0,0,0,0
Pseudonocardineae,suborder,20,0,0,0,0,0,0,0,3,0,0,0,0,0,0,0,0,0,0
Rhodocyclaceae,family,20,0,0,26,0,0,0,162,10,0,0,0,0,0,0,0,0,0,0
Clostridiales Family XIII. Incertae Sedis,family,16,0,0,0,0,13,0,0,23,838,740,340,307,72,525,76,314,442,587
unclassified Burkholderiales,no_rank,16,0,0,17,0,13,0,162,7,0,0,0,0,0,0,0,0,0,0
Mogibacterium,genus,16,0,0,0,0,0,0,0,13,233,259,105,58,0,76,0,0,0,0
Legionellales,order,16,0,0,137,264,1728,0,162,16,0,0,0,0,0,0,0,0,0,0
Desulfobacteraceae,family,16,0,0,17,88,0,0,0,0,0,0,0,0,0,0,0,0,0,0
Serratia,genus,16,0,0,0,1190,0,0,0,0,0,0,0,0,0,0,0,0,0,0
Cardiobacteriales,order,16,0,0,17,0,7,0,0,7,0,0,0,0,0,0,0,0,0,0
Lachnospiraceae bacterium 19gly4,species,16,0,0,0,0,7,12,0,0,0,0,0,0,0,0,0,0,0,0
Burkholderiales Genera incertae sedis,no_rank,16,0,0,17,0,13,0,162,7,0,0,0,0,0,0,0,0,0,0
Staphylococcus,genus,16,0,0,17,0,0,12,0,7,0,0,0,0,0,25,0,0,0,0
Anaplasma marginale,species,16,0,0,0,0,10,31,0,12,0,0,0,0,0,0,0,0,0,0
Anaplasma,genus,16,0,0,0,0,10,31,0,12,0,0,0,0,0,0,0,0,0,0
Actinomycineae,suborder,16,520,139,77,0,90,0,0,36,55,38,35,0,0,0,0,32,21,69
Anaplasma marginale str. St. Maries,no_rank,16,0,0,0,0,10,31,0,12,0,0,0,0,0,0,0,0,0,0
Actinomycetaceae,family,16,520,139,77,0,90,0,0,36,55,38,35,0,0,0,0,32,21,69
Actinomyces,genus,16,520,0,0,0,90,0,0,36,55,38,35,0,0,0,0,32,21,46
Lactobacillus rhamnosus,species,16,0,0,0,0,0,0,0,0,0,0,0,0,0,0,0,0,0,0
Rhodobacterales,order,16,0,0,0,485,20,18,108,294,0,0,0,0,0,0,0,0,0,0
Ruminococcus sp. JC304,species,16,0,25,0,0,116,0,0,78,0,0,0,0,0,0,0,0,0,0
bacterium NLAE-zl-H12,species,16,0,0,0,0,7,0,0,13,0,0,0,0,0,0,0,0,0,0
Brevibacterium,genus,12,0,0,205,0,0,0,0,0,0,0,0,0,0,0,0,0,0,0
Corynebacterium sp. NML00-0156,species,12,0,1075,291,0,0,0,0,12,0,0,0,0,0,0,0,0,0,0
Parvibacter,genus,12,0,0,68,0,0,0,0,3,0,0,0,0,0,0,0,0,0,0
Methylococcales,order,12,0,51,17,0,66,0,0,7,0,0,0,0,0,0,0,0,0,0
Bifidobacterium saeculare,species,12,0,0,26,0,0,0,0,0,0,0,0,0,0,0,0,0,0,0
Solobacterium,genus,12,0,0,0,0,0,0,0,0,0,0,0,0,0,0,0,0,0,0
unclassified Methylococcaceae,no_rank,12,0,0,0,0,0,0,0,0,0,0,0,0,0,0,0,0,0,0
Solobacterium moorei,species,12,0,0,0,0,0,0,0,0,0,0,0,0,0,0,0,0,0,0
Turicibacter sanguinis,species,12,0,25,197,0,13,0,0,33,3149,597,1349,1671,1416,3102,774,140,745,1220
Butyricimonas sp. GD2,species,12,0,25,0,0,0,0,0,112,0,0,0,0,0,0,0,0,0,0
Streptococcus rubneri,species,12,0,0,111,0,80,31,0,0,0,0,0,0,0,0,0,0,0,0
Methylococcaceae,family,12,0,0,17,0,66,0,0,0,0,0,0,0,0,0,0,0,0,0
Brevibacteriaceae,family,12,0,0,205,0,0,0,0,0,0,0,0,0,0,0,0,0,0,0
Trichococcus,genus,12,0,0,0,0,0,0,0,0,0,0,0,0,0,0,0,0,0,0
Carnobacteriaceae,family,12,0,0,0,0,7,12,0,30,0,64,46,0,0,0,163,0,21,80
Bacteroides fluxus,species,12,0,0,0,0,47,0,0,30,0,0,0,0,0,0,0,0,0,0
Coriobacteriaceae bacterium GD5,species,12,0,0,17,0,0,0,0,8,0,0,0,0,0,0,0,0,0,0
Azoarcus,genus,12,0,0,0,0,0,0,0,0,0,0,0,0,0,0,0,0,0,0
Burkholderiaceae,family,12,1098,25,26,88,33,92,108,5,0,0,0,0,0,0,0,0,0,0
Candidatus Midichloriaceae,family,12,0,0,34,0,0,0,0,0,0,0,0,0,0,0,0,0,0,0
unclassified Coriobacteriaceae,no_rank,12,0,0,51,0,0,0,0,8,0,0,0,0,0,0,0,0,0,0
bacterium NLAE-zl-G256,species,12,0,0,0,0,37,12,0,36,0,0,0,0,0,0,0,0,0,0
Pseudoclavibacter sp. Timone,species,8,0,76,376,0,0,0,0,0,0,0,0,0,0,0,0,0,0,0
Bacteroides fragilis,species,8,0,0,0,397,0,0,0,102,0,0,0,0,0,0,0,0,21,115
Bacteroides fragilis NCTC 9343,no_rank,8,0,0,0,0,0,0,0,3,0,0,0,0,0,0,0,0,0,0
Bacteroides plebeius DSM 17135,no_rank,8,0,0,0,0,0,0,0,5,0,0,0,0,0,0,0,0,0,0
Clostridium asparagiforme,species,8,0,0,0,0,7,0,0,7,0,0,0,0,0,0,0,0,0,0
Thiotrichales,order,8,0,0,43,485,37,12,0,5,0,0,0,0,0,0,0,0,0,0
Thiotrichaceae,family,8,0,0,0,88,0,12,0,0,0,0,0,0,0,0,0,0,0,0
Caldicoprobacteraceae,family,8,0,0,0,0,0,0,0,0,0,64,93,1114,744,1038,676,43,75,1335
Clostridium asparagiforme DSM 15981,no_rank,8,0,0,0,0,7,0,0,7,0,0,0,0,0,0,0,0,0,0
environmental samples,no_rank,8,1619,367,239,220,76,55,216,23,0,0,0,0,0,0,0,0,0,0
Bacteroides helcogenes P 36-108,no_rank,8,0,0,34,0,0,0,108,147,0,0,0,0,0,0,0,0,0,0
Bacteroides helcogenes,species,8,0,0,34,0,0,0,108,147,0,0,0,0,0,0,0,0,0,0
Candidatus Isobeggiatoa,genus,8,0,0,0,0,0,0,0,0,0,0,0,0,0,0,0,0,0,0
Porphyromonas sp. oral clone BS045,species,8,0,0,0,0,0,0,0,0,0,0,0,0,0,0,0,0,0,0
Porphyromonas,genus,8,0,76,17,0,0,0,0,51,0,0,0,0,0,0,0,0,0,0
Legionellaceae,family,8,0,0,17,0,0,0,0,0,0,0,0,0,0,0,0,0,0,0
unclassified Sphingobacteriia,no_rank,8,0,0,0,0,0,0,0,0,0,0,0,0,0,0,0,0,0,0
Clostridium sp. M62/1,species,8,0,0,0,0,17,0,0,0,0,0,0,0,0,0,0,0,0,0
Macrococcus,genus,8,0,0,0,0,0,0,0,0,0,0,0,0,0,0,0,0,0,0
bacterium mpn-isolate group 25,species,8,0,0,26,0,0,0,0,140,0,0,0,0,0,0,0,0,0,0
Actinobacillus porcinus,species,8,0,0,0,0,0,0,0,7,0,0,0,0,0,0,0,0,0,0
Pseudoclavibacter,genus,8,0,76,376,0,0,0,0,0,0,0,0,0,0,0,0,0,0,0
Actinobacillus,genus,8,0,0,0,0,0,0,0,7,0,0,0,0,0,0,0,0,0,0
Enorma massiliensis phI,no_rank,8,0,0,530,0,110,0,0,25,0,0,0,0,0,0,0,0,0,0
Enorma massiliensis,species,8,0,0,530,0,110,0,0,25,0,0,0,0,0,0,0,0,0,0
Enorma,genus,8,0,0,530,0,110,0,0,25,0,0,0,0,0,0,0,0,0,0
Microbacteriaceae,family,8,0,76,393,0,0,0,0,0,0,0,0,0,0,0,0,0,0,23
Desulfotomaculum,genus,8,0,0,0,0,10,0,108,0,0,0,0,0,0,0,0,0,0,0
Serratia marcescens,species,8,0,0,0,264,0,0,0,0,0,0,0,0,0,0,0,0,0,0
Desulfotomaculum carboxydivorans,species,8,0,0,0,0,0,0,0,0,0,0,0,0,0,0,0,0,0,0
Desulfotomaculum carboxydivorans CO-1-SRB,no_rank,8,0,0,0,0,0,0,0,0,0,0,0,0,0,0,0,0,0,0
Chlorobia,class,8,0,0,26,0,0,0,0,5,0,0,0,0,0,0,0,0,0,0
Chlorobi,phylum,8,0,0,26,0,0,0,0,5,0,0,0,0,0,0,0,0,0,0
Desulfomicrobiaceae,family,8,0,0,0,0,0,0,0,0,0,0,0,0,0,0,0,0,0,0
Bifidobacterium stellenboschense,species,8,0,0,0,0,0,0,0,0,0,0,0,0,0,0,0,0,0,0
Peptostreptococcus,genus,8,0,0,0,0,0,0,0,0,0,0,0,0,0,0,0,0,0,0
Johnsonella,genus,8,0,0,0,0,7,12,0,0,0,0,0,0,0,0,0,0,0,0
Fonticella,genus,8,0,0,0,0,0,0,0,0,0,0,0,0,0,0,0,0,0,0
Bacillus clausii KSM-K16,no_rank,8,0,0,0,0,0,12,0,0,0,0,0,0,0,0,0,0,0,0
Aggregatibacter,genus,8,0,0,0,0,0,0,0,0,0,0,0,0,0,0,0,0,0,0
Alistipes shahii,species,8,7920,25,128,132,80,215,162,117,0,0,0,0,0,0,0,0,0,0
Coxiellaceae,family,8,0,0,17,264,1708,0,162,13,0,0,0,0,0,0,0,0,0,0
Cyanobacteria,phylum,8,0,25,51,308,47,0,974,119,0,0,0,0,0,0,0,0,0,0
Bacteroides ovatus,species,8,0,0,103,0,33,12,0,35,0,0,0,0,0,0,0,0,0,0
Brachyspiraceae,family,8,0,544,86,88,1007,3959,0,1374,0,0,0,0,0,0,0,0,0,0
Rothia,genus,8,0,0,0,0,7,0,0,0,0,0,0,0,0,0,0,0,0,0
Brachyspira,genus,8,0,544,86,88,1007,3959,0,1374,0,0,0,0,0,0,0,0,0,0
Brachyspira sp. NSH-25,species,8,0,544,86,88,1007,3959,0,1374,0,0,0,0,0,0,0,0,0,0
Corynebacterium jeikeium,species,8,0,101,17,0,0,0,0,7,0,0,0,0,0,0,0,0,0,0
Gracilibacteraceae,family,8,0,0,0,0,0,0,0,0,0,0,0,0,0,0,0,0,0,0
Bacillus clausii,species,8,0,0,0,0,0,12,0,0,0,0,0,0,0,0,0,0,0,0
Pseudomonas sp. CB113,species,8,62085,0,0,0,0,0,0,0,0,0,0,0,0,0,0,0,0,0
Pseudomonas,genus,8,63934,25,0,88,7,0,0,0,0,0,0,29,0,0,0,0,0,0
Johnsonella ignava,species,8,0,0,0,0,7,12,0,0,0,0,0,0,0,0,0,0,0,0
Moraxellaceae,family,8,0,0,17,88,0,12,0,8,0,0,0,0,0,0,0,0,0,0
Johnsonella ignava ATCC 51276,no_rank,8,0,0,0,0,7,12,0,0,0,0,0,0,0,0,0,0,0,0
Geodermatophilus,genus,8,0,0,0,0,0,0,0,0,0,0,0,0,0,0,0,0,0,0
Geodermatophilaceae,family,8,0,0,0,0,0,0,0,0,0,0,0,0,0,0,0,0,0,0
Frankineae,suborder,8,0,0,188,88,0,0,0,3,0,0,0,0,0,0,0,0,0,0
Clostridium symbiosum WAL-14163,no_rank,8,0,0,17,132,7,0,0,5,0,0,0,0,0,0,0,0,0,0
Clostridium symbiosum,species,8,0,0,17,132,7,0,0,5,0,0,0,0,0,0,0,0,0,0
environmental samples,no_rank,8,1619,367,239,220,76,55,216,23,0,0,0,0,0,0,0,0,0,0
Haemophilus pittmaniae,species,8,0,0,0,0,0,12,0,33,0,0,0,0,0,0,0,0,0,0
Clostridiales bacterium oral clone MCE3_9,species,8,0,126,86,0,0,0,0,152,0,0,0,0,0,0,0,0,0,0
Dialister micraerophilus,species,8,0,114,0,0,0,0,0,0,0,0,0,0,0,0,0,0,0,0
Dialister micraerophilus DSM 19965,no_rank,8,0,114,0,0,0,0,0,0,0,0,0,0,0,0,0,0,0,0
Bdellovibrionales,order,8,0,0,51,0,7,0,108,0,0,0,0,0,0,0,0,0,0,0
unclassified Clostridiaceae,no_rank,8,0,0,34,0,33,0,0,30,0,0,0,0,0,0,0,0,0,0
unclassified Veillonellaceae,no_rank,8,0,51,0,0,0,0,0,16,0,0,0,0,0,0,0,0,0,0
Flavobacteriales,order,8,124747,0,564,88,27,0,2218,15,6477,1858,6044,3811,4826,4756,65,0,0,0
Flavobacteriia,class,8,124747,38,582,88,27,18,2218,28,6477,1858,6044,3811,4826,4756,65,0,0,0
Fibrobacteres,phylum,8,0,0,154,0,203,0,379,0,137,90,70,131,72,166,87,21,216,195
Fibrobacteria,class,8,0,0,154,0,203,0,379,0,137,90,70,131,72,166,87,21,216,195
Desulfarculales,order,8,0,0,17,0,0,0,0,0,0,0,0,0,0,0,0,0,0,0
Eubacterium contortum,species,8,0,0,0,0,7,0,0,35,0,0,0,0,0,0,0,0,0,0
Acidimicrobidae,subclass,8,0,0,34,88,0,0,0,3,0,0,0,0,0,0,0,0,0,0
Actinomyces odontolyticus,species,8,520,0,0,0,83,0,0,25,0,0,0,0,0,0,0,0,0,0
environmental samples,no_rank,8,1619,367,239,220,76,55,216,23,0,0,0,0,0,0,0,0,0,0
Bifidobacterium catenulatum,species,8,6532,76,0,0,0,0,0,21,0,0,0,0,0,0,0,0,0,0
Clostridiaceae bacterium DJF_VR07,species,8,0,0,34,0,10,0,0,15,0,0,0,0,0,0,0,0,0,0
Actinomyces sp. oral clone CT047,species,8,0,0,0,0,7,0,0,0,0,0,0,0,0,0,0,0,0,0
Bacteroides ovatus CL03T12C18,no_rank,8,0,0,0,0,0,0,0,0,0,0,0,0,0,0,0,0,0,0
Flavobacteriaceae,family,8,124747,0,470,88,27,0,2110,12,6477,1858,6044,3811,4826,4756,65,0,0,0
Cellulophaga,genus,8,0,0,0,0,0,0,0,0,0,0,0,0,0,0,0,0,0,0
Cellulophaga lytica,species,8,0,0,0,0,0,0,0,0,0,0,0,0,0,0,0,0,0,0
Veillonellaceae bacterium canine oral taxon 211,species,8,0,51,0,0,0,0,0,16,0,0,0,0,0,0,0,0,0,0
Sporomusa,genus,8,0,0,0,0,33,0,0,0,0,0,0,0,0,0,0,0,0,0
Thermoanaerobacterales Family IV. Incertae Sedis,family,8,0,0,0,0,0,0,0,10,0,0,0,0,0,0,0,0,0,0
Caldilineales,order,8,0,0,0,0,0,0,0,0,0,0,0,0,0,0,0,0,0,0
Caldilineae,class,8,0,0,0,0,0,0,0,0,0,0,0,0,0,0,0,0,0,0
Nitrosomonadales,order,8,0,0,43,88,13,104,0,0,0,0,0,0,0,0,0,0,0,0
Herbaspirillum lusitanum,species,8,0,0,0,0,0,0,0,0,0,0,0,0,0,0,0,0,0,0
Herbaspirillum lusitanum P6-12,no_rank,8,0,0,0,0,0,0,0,0,0,0,0,0,0,0,0,0,0,0
Clostridium scindens,species,8,0,0,0,0,136,0,0,20,0,0,0,0,0,0,0,0,0,0
Collinsella sp. GD3,species,8,0,0,26,0,37,98,0,1755,137,298,152,263,0,717,1603,1062,183,402
Akkermansia muciniphila ATCC BAA-835,no_rank,8,0,0,0,0,0,0,0,18,0,0,0,0,0,0,0,0,0,0
Lactobacillus sp. MNFS-3,species,8,0,0,0,0,0,0,0,0,0,0,0,0,0,0,0,0,0,0
Cellulophaga lytica DSM 7489,no_rank,8,0,0,0,0,0,0,0,0,0,0,0,0,0,0,0,0,0,0
Peptostreptococcus stomatis,species,8,0,0,0,0,0,0,0,0,0,0,0,0,0,0,0,0,0,0
Flavobacterium,genus,0,118620,0,0,0,0,0,0,0,0,0,0,0,0,0,0,0,0,0
Flavobacterium ceti,species,0,118042,0,0,0,0,0,0,0,0,0,0,0,0,0,0,0,0,0
Brevundimonas sp. CmLB14,species,0,36650,0,0,0,0,0,0,0,0,0,0,0,0,0,0,0,0,0
unclassified Gammaproteobacteria (miscellaneous),no_rank,0,33181,0,0,0,0,12,0,0,0,0,0,0,0,0,0,0,0,0
gamma proteobacterium B3,species,0,32025,0,0,0,0,0,0,0,0,0,0,0,0,0,0,0,0,0
Deinococci,class,0,24626,0,0,0,0,0,0,0,0,0,0,0,0,0,0,0,0,0
Deinococcus-Thermus,phylum,0,24626,0,0,0,0,0,0,0,0,0,0,0,0,0,0,0,0,0
Thermaceae,family,0,24626,0,0,0,0,0,0,0,0,0,0,0,0,0,0,0,0,0
Thermales,order,0,24626,0,0,0,0,0,0,0,0,0,0,0,0,0,0,0,0,0
Thermus,genus,0,12891,0,0,0,0,0,0,0,0,0,0,0,0,0,0,0,0,0
Meiothermus silvanus,species,0,11735,0,0,0,0,0,0,0,0,0,0,0,0,0,0,0,0,0
Meiothermus,genus,0,11735,0,0,0,0,0,0,0,0,0,0,0,0,0,0,0,0,0
Thermus scotoductus,species,0,10868,0,0,0,0,0,0,0,0,0,0,0,0,0,0,0,0,0
Mucilaginibacter sp. BJC16-A6,species,0,7746,0,0,0,0,0,0,0,0,0,0,0,0,0,0,0,0,0
Mucilaginibacter,genus,0,7746,0,0,0,0,0,0,0,0,0,0,0,0,0,0,0,0,0
Elizabethkingia,genus,0,6128,0,0,0,0,0,0,0,0,0,0,0,0,0,0,0,0,0
Elizabethkingia meningoseptica,species,0,6128,0,0,0,0,0,0,0,0,0,0,0,0,0,0,0,0,0
butyrate-producing bacterium T2-132,species,0,6012,0,0,2468,9547,0,4112,0,0,0,0,0,0,0,0,0,0,0
Achromobacter piechaudii,species,0,3989,0,0,0,0,0,0,0,0,0,0,0,0,0,0,0,0,0
Achromobacter,genus,0,3989,0,0,0,0,0,0,0,0,0,0,0,0,0,0,0,0,0
Alcaligenaceae,family,0,3989,0,145,0,0,0,0,0,0,0,0,0,0,0,0,0,0,0
Agrobacterium,genus,0,3931,0,0,0,0,0,0,0,0,0,0,0,0,0,0,0,0,0
Rhizobiaceae,family,0,3931,0,0,0,0,0,0,0,0,0,0,0,0,0,0,0,0,0
Agrobacterium tumefaciens complex,species_group,0,3931,0,0,0,0,0,0,0,0,0,0,0,0,0,0,0,0,0
Agrobacterium tumefaciens,species,0,3931,0,0,0,0,0,0,0,0,0,0,0,0,0,0,0,0,0
Rhizobium/Agrobacterium group,no_rank,0,3931,0,0,0,0,0,0,0,0,0,0,0,0,0,0,0,0,0
Sphingobacterium spiritivorum,species,0,3295,0,0,0,0,0,0,0,0,0,0,0,0,0,0,0,0,0
Sphingobacterium,genus,0,3295,0,0,0,0,0,0,0,0,0,0,0,0,0,0,0,0,0
Pseudomonas sp. Pi 3-58,species,0,1850,0,0,0,0,0,0,0,0,0,0,0,0,0,0,0,0,0
Devosia,genus,0,1792,0,0,0,0,0,0,0,0,0,0,0,0,0,0,0,0,0
Hydrogenophilaceae,family,0,1734,0,0,0,33,0,0,0,0,0,0,0,0,0,0,0,0,0
Hydrogenophilales,order,0,1734,0,68,0,33,0,0,12,0,0,0,0,0,0,0,0,0,0
unidentified marine bacterioplankton,species,0,1619,101,26,0,0,0,0,15,0,0,0,0,0,0,0,0,0,0
unclassified Pseudomonadales (miscellaneous),no_rank,0,1561,0,0,0,0,12,0,0,0,0,0,0,0,0,0,0,0,0
unclassified Pseudomonadales,no_rank,0,1561,0,0,0,0,12,0,0,0,0,0,0,0,0,0,0,0,0
Caloramator,genus,0,1503,430,488,0,219,0,0,7,0,0,0,0,0,0,0,0,0,0
Rhodococcus,genus,0,1272,0,0,0,0,0,0,0,0,0,0,0,0,0,0,0,0,0
rainbow trout intestinal bacterium A110,species,0,1272,0,0,0,0,0,0,0,0,0,0,0,0,0,0,0,0,0
unclassified Rhodococcus,no_rank,0,1272,0,0,0,0,0,0,0,0,0,0,0,0,0,0,0,0,0
gamma proteobacterium RBE2CD-126,species,0,1156,0,0,0,0,0,0,0,0,0,0,0,0,0,0,0,0,0
Ralstonia solanacearum,species,0,1098,0,0,0,0,0,0,0,0,0,0,0,0,0,0,0,0,0
Ralstonia,genus,0,1098,0,0,0,0,0,0,0,0,0,0,0,0,0,0,0,0,0
unidentified Cytophagales OPB73,species,0,636,0,0,0,0,0,0,0,0,0,0,0,0,0,0,0,0,0
butyrate-producing bacterium A1-86,species,0,0,92665,4251,4583,83,104,2759,35244,0,0,0,0,0,0,0,0,0,0
Clostridium chartatabidum,species,0,0,47129,5157,0,0,0,0,0,0,0,0,0,0,0,0,0,0,0
Bifidobacterium adolescentis,species,0,0,19001,667,0,40,12,0,5304,0,0,0,0,0,0,0,0,0,0
Ruminococcus bromii,species,0,0,16245,26908,15513,22707,4972,11253,22000,0,0,0,0,0,0,0,0,0,0
Eubacterium siraeum,species,0,0,8495,2455,0,5048,3327,2110,241,0,0,0,0,0,0,0,0,0,0
bacterium NLAE-zl-H436,species,0,0,5929,0,0,1625,0,0,213,0,0,0,0,0,0,0,0,0,0
Parabacteroides distasonis,species,0,0,5803,2198,1058,2552,3928,3571,5349,5913,8850,3732,6171,11309,6910,11836,13707,7971,4927
Varibaculum,genus,0,0,139,77,0,0,0,0,0,0,0,0,0,0,0,0,0,0,23
Varibaculum cambriense,species,0,0,139,77,0,0,0,0,0,0,0,0,0,0,0,0,0,0,23
Finegoldia,genus,0,0,126,291,0,0,0,0,188,0,0,0,0,0,38,21,0,0,0
Finegoldia magna,species,0,0,126,274,0,0,0,0,183,0,0,0,0,0,0,0,0,0,0
Eubacterium siraeum DSM 15702,no_rank,0,0,126,17,0,0,0,0,0,0,0,0,0,0,0,0,0,0,0
Clostridium indolis,species,0,0,114,26,0,226,0,108,165,0,0,0,0,0,0,0,0,0,0
Dehalogenimonas,genus,0,0,88,0,0,0,0,0,0,0,0,0,0,0,0,0,0,0,0
Dehalogenimonas lykanthroporepellens BL-DC-9,no_rank,0,0,88,0,0,0,0,0,0,0,0,0,0,0,0,0,0,0,0
Dehalogenimonas lykanthroporepellens,species,0,0,88,0,0,0,0,0,0,0,0,0,0,0,0,0,0,0,0
Peptoniphilus,genus,0,0,88,51,0,0,0,0,78,0,0,70,0,0,0,0,0,0,0
Corynebacterium amycolatum,species,0,0,88,4636,0,0,0,0,132,0,0,0,0,0,0,0,0,0,0
Bacteroides intestinalis DSM 17393,no_rank,0,0,76,60,0,0,0,0,7,0,0,0,0,0,0,0,0,0,0
Rubrobacteridae,subclass,0,0,76,0,0,0,37,0,10,0,0,0,0,0,0,0,0,0,0
Murdochiella,genus,0,0,63,34,0,0,0,0,140,0,0,0,0,0,0,43,32,0,0
unidentified bacterium ZF5,species,0,0,51,0,0,0,0,0,0,0,0,0,0,0,0,0,0,0,0
Ruminococcus sp. 25F8,species,0,0,51,0,0,0,0,0,5,0,0,0,0,0,0,0,0,0,0
Thermoanaerobacter,genus,0,0,38,0,0,0,0,0,0,0,0,0,0,0,0,0,0,0,0
Chitinophagaceae,no_rank,0,0,38,17,0,37,12,0,26,0,0,0,0,0,0,0,0,0,0
Peptoniphilus sp. gpac018A,species,0,0,38,0,0,0,0,0,8,0,0,0,0,0,0,0,0,0,0
Coprobacillus,genus,0,0,38,0,0,0,0,0,8,0,0,0,0,0,0,0,0,0,0
Ignavibacteria,class,0,0,38,68,176,0,0,0,3,0,0,0,0,0,0,0,0,0,0
Ignavibacteriae,phylum,0,0,38,68,176,0,0,0,3,0,0,0,0,0,0,0,0,0,0
Clostridium botulinum Ba4 str. 657,no_rank,0,0,25,128,0,7,0,0,0,0,0,0,0,0,0,0,0,0,0
Clostridium botulinum B,no_rank,0,0,25,128,0,7,0,0,0,0,0,0,0,0,0,0,0,0,0
Clostridium botulinum,species,0,0,25,128,0,7,0,0,0,0,0,0,0,0,0,0,0,0,0
Peptoniphilus indolicus,species,0,0,25,17,0,0,0,0,13,0,0,0,0,0,0,0,0,0,0
Streptococcus sp. S16-08,species,0,0,25,26,0,13,0,0,155,0,0,0,0,0,0,0,0,0,0
unclassified Geobacteraceae,no_rank,0,0,25,0,0,0,0,0,0,0,0,0,0,0,0,0,0,0,0
Paludibacter,genus,0,0,25,0,0,10,12,0,20,0,0,0,0,0,0,0,0,0,0
Bifidobacterium ruminantium,species,0,0,25,505,0,0,0,0,0,0,0,0,0,0,0,0,0,0,0
Bifidobacterium adolescentis ATCC 15703,no_rank,0,0,25,171,0,7,0,0,0,0,0,0,0,0,0,0,0,0,0
Oceanospirillaceae,family,0,0,25,0,0,0,0,0,0,0,0,0,0,0,0,0,0,0,0
Moryella,genus,0,0,25,94,0,50,74,0,63,426,324,422,469,1176,897,8509,9174,572,92
Anaerococcus,genus,0,0,25,43,0,0,0,0,134,0,0,0,0,0,0,0,0,0,0
Anaerococcus sp. 9402080,species,0,0,25,43,0,0,0,0,18,0,0,0,0,0,0,0,0,0,0
Streptococcus sanguinis,species,0,0,25,0,0,7,12,0,82,0,0,0,0,0,0,0,0,0,0
Blautia luti,species,0,0,25,0,0,13,0,0,0,24892,5757,25880,14160,14479,29422,4974,8502,16331,36923
Aerococcaceae,family,0,0,25,17,0,0,0,0,0,0,0,23,0,0,0,21,0,0,0
Facklamia,genus,0,0,25,0,0,0,0,0,0,0,0,0,0,0,0,0,0,0,0
Facklamia languida,species,0,0,25,0,0,0,0,0,0,0,0,0,0,0,0,0,0,0,0
Porphyromonas sp. 2007b,species,0,0,25,0,0,0,0,0,10,0,0,0,0,0,0,0,0,0,0
Arthrobacter albus,species,0,0,0,1257,0,0,0,0,0,0,0,0,0,0,0,0,0,0,0
Bacillus subtilis group,species_group,0,0,0,573,0,0,12,0,12,0,0,0,0,0,0,0,0,0,0
Bacillus amyloliquefaciens,species,0,0,0,573,0,0,0,0,12,0,0,0,0,0,0,0,0,0,0
Ectothiorhodospiraceae,family,0,0,0,436,0,47,0,0,18,0,0,0,0,0,0,0,0,0,0
Oligella urethralis,species,0,0,0,145,0,0,0,0,0,0,0,0,0,0,0,0,0,0,0
Oligella,genus,0,0,0,145,0,0,0,0,0,0,0,0,0,0,0,0,0,0,0
Sutterella,genus,0,0,0,145,0,33,74,0,317,165,2703,563,1289,312,1487,1156,422,1339,1116
Dysgonomonas,genus,0,0,0,120,0,0,0,0,0,0,0,0,0,0,0,0,0,0,0
unclassified Flavobacteriaceae,no_rank,0,0,0,120,0,0,0,0,0,0,0,0,0,0,0,0,0,0,0
Fibrobacterales,order,0,0,0,120,0,203,0,0,0,137,90,70,131,72,166,87,21,216,195
Haloplasma contractile,species,0,0,0,103,0,0,0,0,0,0,0,0,0,0,0,0,0,0,0
Haloplasmataceae,family,0,0,0,103,0,0,0,0,0,0,0,0,0,0,0,0,0,0,0
Haloplasma contractile SSD-17B,no_rank,0,0,0,103,0,0,0,0,0,0,0,0,0,0,0,0,0,0,0
Haloplasma,genus,0,0,0,103,0,0,0,0,0,0,0,0,0,0,0,0,0,0,0
Bacteroides ovatus CL02T12C04,no_rank,0,0,0,103,0,33,12,0,35,0,0,0,0,0,0,0,0,0,0
Haloplasmatales,order,0,0,0,103,0,0,0,0,0,0,0,0,0,0,0,0,0,0,0
bacterium NLAE-zl-P211,species,0,0,0,103,0,0,0,0,0,0,0,0,0,0,0,0,0,0,0
Parascardovia,genus,0,0,0,94,0,0,0,0,0,0,0,0,0,0,0,0,0,0,0
Brucellaceae,family,0,0,0,86,0,0,0,0,0,0,0,0,0,0,0,0,0,0,0
Brevibacterium massiliense,species,0,0,0,86,0,0,0,0,0,0,0,0,0,0,0,0,0,0,0
Pseudochrobactrum,genus,0,0,0,86,0,0,0,0,0,0,0,0,0,0,0,0,0,0,0
Eubacterium xylanophilum,species,0,0,0,77,0,0,0,0,3,0,0,0,0,0,0,0,0,0,0
sulfur-oxidizing symbionts,no_rank,0,0,0,77,0,0,0,0,3,0,0,0,0,0,0,0,0,0,0
Cryomorphaceae,family,0,0,0,77,0,0,0,108,0,0,0,0,0,0,0,0,0,0,0
Planococcaceae,family,0,0,0,68,264,7,0,0,7,0,0,0,0,0,0,0,0,0,0
Armatimonadetes,phylum,0,0,0,68,220,0,0,0,0,0,0,0,0,0,0,0,0,0,0
butyrate-producing bacterium SSC/2,order,0,0,0,60,0,50,0,0,31,0,0,0,0,0,0,0,0,0,0
Alkalispirillum,genus,0,0,0,60,0,0,0,0,0,0,0,0,0,0,0,0,0,0,0
Flammeovirgaceae,family,0,0,0,60,0,7,25,0,3,0,0,0,0,0,0,0,0,0,0
Alteromonadales,order,0,0,0,60,88,20,0,0,157,0,0,0,0,0,0,0,0,0,0
Streptococcus thermophilus MN-ZLW-002,no_rank,0,0,0,51,0,93,0,0,7,0,0,0,0,0,0,0,0,0,0
Bacteriovoracaceae,family,0,0,0,51,0,0,0,0,0,0,0,0,0,0,0,0,0,0,0
Syntrophorhabdaceae,family,0,0,0,43,0,0,0,0,0,0,0,0,0,0,0,0,0,0,0
Syntrophobacterales,order,0,0,0,43,88,47,12,0,3,0,0,0,0,0,0,0,0,0,0
Bifidobacterium longum DJO10A,no_rank,0,0,0,43,0,33,0,0,7,0,0,0,0,0,0,0,0,0,0
unclassified Ectothiorhodospiraceae,no_rank,0,0,0,43,0,0,0,0,3,0,0,0,0,0,0,0,0,0,0
Corynebacterium accolens,species,0,0,0,43,0,0,0,0,0,0,0,0,0,0,0,0,0,0,0
Corynebacterium accolens ATCC 49725,no_rank,0,0,0,43,0,0,0,0,0,0,0,0,0,0,0,0,0,0,0
Gaetbulibacter,genus,0,0,0,34,0,0,0,0,0,0,0,0,0,0,0,0,0,0,0
Alteromonadales genera incertae sedis,no_rank,0,0,0,34,0,0,0,0,0,0,0,0,0,0,0,0,0,0,0
Puniceicoccales,order,0,0,0,34,0,0,0,0,5,151,831,117,190,168,371,316,0,464,195
Puniceicoccaceae,family,0,0,0,34,0,0,0,0,0,0,0,0,0,0,0,0,0,0,0
Neisseriales,order,0,0,0,34,0,0,31,108,0,0,0,0,0,0,0,0,0,0,0
Thioalkalispiraceae,family,0,0,0,34,0,0,0,0,0,0,0,0,0,0,0,0,0,0,0
Chroococcales,order,0,0,0,34,0,0,0,0,3,0,0,0,0,0,0,0,0,0,0
Oscillatoriophycideae,subclass,0,0,0,34,0,0,0,108,3,0,0,0,0,0,0,0,0,0,0
Marinilabiliaceae,family,0,0,0,34,0,0,0,162,10,0,0,0,0,0,0,0,0,0,0
Peptococcus niger,species,0,0,0,34,0,0,0,0,21,0,0,0,0,0,0,0,0,0,0
Ruminococcus flavefaciens FD-1,no_rank,0,0,0,34,0,0,0,108,0,0,0,0,0,0,0,0,0,0,0
Ruminococcus flavefaciens,species,0,0,0,34,0,0,0,108,0,0,0,0,0,0,0,0,0,0,0
Bifidobacterium bifidum,species,0,0,0,26,0,0,0,0,0,0,0,0,0,0,0,0,0,0,0
Pontibacter,genus,0,0,0,26,0,0,0,0,0,0,0,0,0,0,0,0,0,0,0
Chloroflexaceae,family,0,0,0,26,0,0,0,0,0,0,0,0,0,0,0,0,0,0,0
Chloroflexi,class,0,0,0,86,88,37,43,0,56,0,0,0,0,0,0,0,0,0,0
Corynebacterium genitalium,species,0,0,0,26,0,0,0,0,0,0,0,0,0,0,0,0,0,0,0
Succiniclasticum,genus,0,0,0,26,0,10,0,0,0,0,0,0,0,0,0,0,0,0,0
Enterococcaceae,family,0,0,0,26,529,83,0,0,7,0,0,0,43,0,0,0,0,54,23
Bifidobacterium bifidum PRL2010,no_rank,0,0,0,26,0,0,0,0,0,0,0,0,0,0,0,0,0,0,0
Chloroflexales,order,0,0,0,26,0,0,0,0,0,0,0,0,0,0,0,0,0,0,0
Desulfosporosinus meridiei DSM 13257,no_rank,0,0,0,26,0,0,0,0,0,0,0,0,0,0,0,0,0,0,0
Anaerofustis,genus,0,0,0,26,0,0,0,0,7,68,38,23,0,48,0,43,21,0,0
Halanaerobiaceae,family,0,0,0,26,0,0,0,0,0,0,0,0,0,0,0,0,0,0,0
Thermincola potens,species,0,0,0,26,0,0,0,0,0,0,0,0,0,0,0,0,0,0,0
Halanaerobiales,order,0,0,0,26,0,0,0,0,0,0,0,0,0,0,0,0,0,0,0
Thermincola,genus,0,0,0,26,0,0,0,0,0,0,0,0,0,0,0,0,0,0,0
Dorea formicigenerans,species,0,0,0,26,0,0,0,0,3,5556,2417,4835,4368,4658,5987,7363,27599,3240,6079
Desulfosporosinus meridiei,species,0,0,0,26,0,0,0,0,0,0,0,0,0,0,0,0,0,0,0
Desulfosporosinus,genus,0,0,0,26,0,0,0,0,3,0,0,0,0,0,0,0,0,0,0
Thermincola potens JR,no_rank,0,0,0,26,0,0,0,0,0,0,0,0,0,0,0,0,0,0,0
Piscirickettsiaceae,family,0,0,0,26,220,17,0,0,0,0,0,0,0,0,0,0,0,0,0
Sphingomonadales,order,0,0,0,17,0,0,0,0,0,0,0,0,0,0,0,0,0,0,0
Desulfurellales,order,0,0,0,17,0,0,0,0,0,0,0,0,0,0,0,0,0,0,0
Brevibacterium mcbrellneri,species,0,0,0,17,0,0,0,0,0,0,0,0,0,0,0,0,0,0,0
Desulfocella,genus,0,0,0,17,0,0,0,0,0,0,0,0,0,0,0,0,0,0,0
Bacteroidetes Order II. Incertae sedis,order,0,0,0,17,0,0,18,0,0,0,0,0,0,0,0,0,0,0,0
Eubacterium eligens,species,0,0,0,17,88,23,0,0,3,0,0,0,0,0,0,0,0,0,0
Aneurinibacillus group,no_rank,0,0,0,17,0,0,0,0,3,0,0,0,0,0,0,0,0,0,0
Corynebacterium pseudotuberculosis CIP 52.97,no_rank,0,0,0,17,0,0,0,0,0,0,0,0,0,0,0,0,0,0,0
Corynebacterium pseudotuberculosis,species,0,0,0,17,0,0,0,0,0,0,0,0,0,0,0,0,0,0,0
Porphyromonas bennonis,species,0,0,0,17,0,0,0,0,7,0,0,0,0,0,0,0,0,0,0
Brevibacterium mcbrellneri ATCC 49030,no_rank,0,0,0,17,0,0,0,0,0,0,0,0,0,0,0,0,0,0,0
Methylogaea oryzae JCM 16910,no_rank,0,0,0,17,0,0,0,0,0,0,0,0,0,0,0,0,0,0,0
Methylogaea oryzae,species,0,0,0,17,0,0,0,0,0,0,0,0,0,0,0,0,0,0,0
Deferribacteraceae,family,0,0,0,17,0,0,0,0,0,0,0,0,0,0,0,0,0,0,0
Deferribacterales,order,0,0,0,17,0,0,0,0,0,0,0,0,0,0,0,0,0,0,0
Deferribacteres,class,0,0,0,17,0,0,0,0,0,0,0,0,0,0,0,0,0,0,0
Deferribacteres,phylum,0,0,0,17,0,0,0,0,0,0,0,0,0,0,0,0,0,0,0
Dethiobacter,genus,0,0,0,17,0,0,0,0,0,0,0,0,0,0,0,0,0,0,0
Dethiobacter alkaliphilus,species,0,0,0,17,0,0,0,0,0,0,0,0,0,0,0,0,0,0,0
Dethiobacter alkaliphilus AHT 1,no_rank,0,0,0,17,0,0,0,0,0,0,0,0,0,0,0,0,0,0,0
Solibacteres,class,0,0,0,17,0,0,0,0,0,0,0,0,0,0,0,0,0,0,0
Solibacterales,order,0,0,0,17,0,0,0,0,0,0,0,0,0,0,0,0,0,0,0
Solibacteraceae,family,0,0,0,17,0,0,0,0,0,0,0,0,0,0,0,0,0,0,0
Agrococcus,genus,0,0,0,17,0,0,0,0,0,0,0,0,0,0,0,0,0,0,0
Methylogaea,genus,0,0,0,17,0,0,0,0,0,0,0,0,0,0,0,0,0,0,0
Peptoniphilus gorbachii,species,0,0,0,17,0,0,0,0,18,0,0,0,0,0,0,0,0,0,0
Clostridium saccharolyticum WM1,no_rank,0,0,0,17,0,0,0,0,3,0,0,0,0,0,0,0,0,0,0
Clostridium saccharolyticum,species,0,0,0,17,0,0,0,0,3,0,0,0,0,0,0,0,0,0,0
Legionella,genus,0,0,0,17,0,0,0,0,0,0,0,0,0,0,0,0,0,0,0
Epulopiscium,genus,0,0,0,17,176,0,0,0,0,0,0,0,0,0,0,0,0,0,0
Thiomonas,genus,0,0,0,17,0,0,0,0,0,0,0,0,0,0,0,0,0,0,0
Niastella,genus,0,0,0,17,0,0,0,0,0,0,0,0,0,0,0,0,0,0,0
Marichromatium,genus,0,0,0,17,0,0,0,0,0,0,0,0,0,0,0,0,0,0,0
Gemmatimonadetes,phylum,0,0,0,17,0,0,0,0,5,0,0,0,0,0,0,0,0,0,0
Epsilonproteobacteria,class,0,0,0,17,132,0,0,0,3,0,0,0,0,0,0,0,0,0,0
Micromonosporineae,suborder,0,0,0,17,0,0,0,0,0,0,0,0,0,0,0,0,0,0,0
Ruminococcus sp. RLB3,species,0,0,0,17,0,17,0,0,163,0,0,0,0,0,0,0,0,0,0
Zetaproteobacteria,class,0,0,0,17,0,0,0,433,0,0,0,0,0,0,0,0,0,0,0
Mariprofundales,order,0,0,0,17,0,0,0,433,0,0,0,0,0,0,0,0,0,0,0
Mariprofundaceae,family,0,0,0,17,0,0,0,433,0,0,0,0,0,0,0,0,0,0,0
bacterium NLAE-zl-H10,species,0,0,0,17,0,0,0,0,0,0,0,0,0,0,0,0,0,0,0
Bacteroides vulgatus ATCC 8482,no_rank,0,0,0,17,0,0,0,325,0,0,0,0,0,0,0,0,0,0,0
Bacteroides vulgatus,species,0,0,0,17,0,0,0,325,0,24342,38884,24413,16740,30952,8756,92532,120449,21181,15197
Acetitomaculum,genus,0,0,0,17,0,7,0,0,0,550,792,1068,703,1728,410,130,0,0,667
Campylobacterales,order,0,0,0,17,132,0,0,0,3,0,0,0,0,0,0,0,0,0,0
Helicobacteraceae,family,0,0,0,17,0,0,0,0,0,0,0,0,0,0,0,0,0,0,0
Ignavibacteriales,order,0,0,0,17,0,0,0,0,0,0,0,0,0,0,0,0,0,0,0
unclassified Betaproteobacteria (miscellaneous),no_rank,0,0,0,17,0,10,12,0,0,0,0,0,0,0,0,0,0,0,0
unclassified Betaproteobacteria,no_rank,0,0,0,17,0,10,12,0,0,0,0,0,0,0,0,0,0,0,0
Ignavibacteriaceae,family,0,0,0,17,0,0,0,0,0,0,0,0,0,0,0,0,0,0,0
Parvibacter caecicola,species,0,0,0,17,0,0,0,0,0,0,0,0,0,0,0,0,0,0,0
Micromonosporaceae,family,0,0,0,17,0,0,0,0,0,0,0,0,0,0,0,0,0,0,0
Brevibacterium massiliense 5401308,no_rank,0,0,0,17,0,0,0,0,0,0,0,0,0,0,0,0,0,0,0
Streptococcus pseudoporcinus,species,0,0,0,17,0,0,0,0,0,0,0,0,0,0,0,0,0,0,0
Streptococcus pseudoporcinus LQ 940-04,no_rank,0,0,0,17,0,0,0,0,0,0,0,0,0,0,0,0,0,0,0
Sphingomonadaceae,family,0,0,0,17,0,0,0,0,0,0,0,0,0,0,0,0,0,0,0
Cyanobium,genus,0,0,0,17,0,0,0,0,0,0,0,0,0,0,0,0,0,0,0
Sporobacterium,genus,0,0,0,17,0,0,0,0,0,0,0,0,0,0,0,0,0,0,0
Desulfitobacterium metallireducens DSM 15288,no_rank,0,0,0,17,0,0,0,0,0,0,0,0,0,0,0,0,0,0,0
Desulfitobacterium metallireducens,species,0,0,0,17,0,0,0,0,0,0,0,0,0,0,0,0,0,0,0
Desulfitobacterium,genus,0,0,0,17,0,0,0,0,0,0,0,0,0,0,0,0,0,0,0
Helicobacter,genus,0,0,0,17,0,0,0,0,0,0,0,0,0,0,0,0,0,0,0
Acidaminococcus intestini,species,0,0,0,17,0,0,0,0,0,0,0,0,0,0,0,0,0,0,0
Kocuria,genus,0,0,0,17,0,0,0,0,0,0,0,0,0,0,0,0,0,0,0
Sinobacteraceae,family,0,0,0,17,0,0,0,0,0,0,0,0,0,0,0,0,0,0,0
Caldanaerobacter,genus,0,0,0,17,0,0,0,0,0,0,0,0,0,0,0,0,0,0,0
Caldanaerobacter subterraneus,species,0,0,0,17,0,0,0,0,0,0,0,0,0,0,0,0,0,0,0
Bacillus amyloliquefaciens XH7,no_rank,0,0,0,17,0,0,0,0,12,0,0,0,0,0,0,0,0,0,0
Planifilum,genus,0,0,0,0,749,0,0,0,0,0,0,0,0,0,0,0,0,0,0
Thermoactinomycetaceae,family,0,0,0,0,749,0,0,0,0,0,0,0,0,0,0,0,0,0,0
Alistipes putredinis,species,0,0,0,0,617,0,0,0,0,0,0,0,0,0,0,21,21,0,0
Enterococcus,genus,0,0,0,0,529,83,0,0,3,0,0,0,43,0,0,0,0,54,23
Escherichia,genus,0,0,0,0,441,10,25,0,0,0,0,0,0,0,0,0,0,0,0
Citrobacter,genus,0,0,0,0,397,0,0,0,0,0,0,0,0,0,0,0,0,0,0
Escherichia coli,species,0,0,0,0,353,10,0,0,0,0,0,0,0,0,0,0,0,0,0
Salmonella,genus,0,0,0,0,308,0,0,0,0,0,0,0,0,0,0,0,0,0,0
Enterococcus mundtii,species,0,0,0,0,308,76,0,0,0,0,0,0,0,0,0,0,0,0,0
Salmonella enterica subsp. enterica serovar Agona,no_rank,0,0,0,0,308,0,0,0,0,0,0,0,0,0,0,0,0,0,0
Lactobacillus acidophilus,species,0,0,0,0,308,0,0,0,0,0,0,0,0,0,0,0,0,0,0
Salmonella enterica subsp. enterica,subspecies,0,0,0,0,308,0,0,0,0,0,0,0,0,0,0,0,0,0,0
Salmonella enterica,species,0,0,0,0,308,0,0,0,0,0,0,0,0,0,0,0,0,0,0
Bacteroides sp. 35BE35,species,0,0,0,0,264,0,0,0,0,0,0,0,0,0,0,0,0,0,0
Collinsella aerofaciens,species,0,0,0,0,264,0,0,0,0,0,0,0,0,0,0,21,0,0,0
Thiomicrospira,genus,0,0,0,0,220,0,0,0,0,0,0,0,0,0,0,0,0,0,0
Shigella flexneri,species,0,0,0,0,176,0,0,0,0,0,0,0,0,0,0,0,0,0,0
Shigella,genus,0,0,0,0,176,0,0,0,0,0,0,0,0,0,0,0,0,0,0
Pantoea dispersa,species,0,0,0,0,176,0,0,0,0,0,0,0,0,0,0,0,0,0,0
Prochlorococcaceae,family,0,0,0,0,132,0,0,0,0,0,0,0,0,0,0,0,0,0,0
Enterobacter sp. A7,species,0,0,0,0,132,0,0,0,0,0,0,0,0,0,0,0,0,0,0
Prochlorales,order,0,0,0,0,132,0,0,0,0,0,0,0,0,0,0,0,0,0,0
"ant, tsetse, mealybug, aphid, etc. endosymbionts",no_rank,0,0,0,0,132,0,0,0,0,0,0,0,0,0,0,0,0,0,0
unclassified Enterobacteriaceae,no_rank,0,0,0,0,132,0,0,0,0,0,0,0,0,0,0,0,0,0,0
Campylobacteraceae,family,0,0,0,0,132,0,0,0,3,0,0,0,0,0,0,0,0,0,0
lice endosymbionts,no_rank,0,0,0,0,132,0,0,0,0,0,0,0,0,0,0,0,0,0,0
Aeromonadaceae,family,0,0,0,0,88,0,0,0,0,0,0,0,0,0,0,0,0,0,0
Aeromonadales,order,0,0,0,0,88,0,0,0,7,0,0,0,0,0,0,0,0,0,0
Pseudomonas putida group,species_group,0,0,0,0,88,0,0,0,0,0,0,0,0,0,0,0,0,0,0
Bacteroides sp. Smarlab 3302398,species,0,0,0,0,88,0,0,0,59,0,0,0,0,0,0,0,0,0,0
Aeromonas,genus,0,0,0,0,88,0,0,0,0,0,0,0,0,0,0,0,0,0,0
Hyphomonadaceae,family,0,0,0,0,88,13,0,0,0,0,0,0,0,0,0,0,0,0,0
Thiothrix,genus,0,0,0,0,88,0,0,0,0,0,0,0,0,0,0,0,0,0,0
Nitrosomonadaceae,family,0,0,0,0,88,0,0,0,0,0,0,0,0,0,0,0,0,0,0
Enterococcus gilvus,species,0,0,0,0,88,0,0,0,0,0,0,0,0,0,0,0,0,0,0
Virgibacillus,genus,0,0,0,0,88,0,0,0,0,0,0,0,0,0,0,0,0,0,0
Nitrosomonas,genus,0,0,0,0,88,0,0,0,0,0,0,0,0,0,0,0,0,0,0
Fusobacteria,phylum,0,0,0,0,88,0,0,0,0,0,0,0,0,0,0,0,0,0,23
Slackia,genus,0,0,0,0,88,10,0,0,7,41,77,0,0,0,0,0,0,0,0
Slackia sp. NATTS,species,0,0,0,0,88,0,0,0,0,0,0,0,0,0,0,0,0,0,0
root,root,0,0,0,0,0,1028609,1009839,1009900,1008824,1011497,1003443,1003884,1000630,1003217,1001012,1000338,1000184,1000950,1000932
Cellvibrio,genus,0,0,0,0,0,7,0,0,0,0,0,0,0,0,0,0,0,0,0
Methylobacterium,genus,0,0,0,0,0,415,0,0,0,0,0,0,0,0,0,0,0,0,0
Methylomonas,genus,0,0,0,0,0,66,0,0,0,0,0,0,0,0,0,0,0,0,0
Flexibacter,genus,0,0,0,0,0,7,12,0,0,0,0,0,0,0,0,0,0,0,0
Leuconostoc,genus,0,0,0,0,0,23,0,0,0,0,0,0,29,72,179,0,21,226,23
Leuconostoc mesenteroides,species,0,0,0,0,0,23,0,0,0,0,0,0,0,0,0,0,0,0,23
Streptococcus gordonii,species,0,0,0,0,0,7,0,0,0,0,0,0,0,0,0,0,0,0,0
Streptococcus parasanguinis,species,0,0,0,0,0,10,0,0,30,0,0,0,0,0,0,0,0,0,0
Lactococcus lactis subsp. cremoris,subspecies,0,0,0,0,0,7,0,0,7,0,0,0,0,0,0,0,0,0,0
Lactobacillus plantarum,species,0,0,0,0,0,23,0,0,0,0,0,0,0,0,0,0,0,0,0
[Eubacterium] tenue,species,0,0,0,0,0,7,0,0,0,0,0,0,0,0,0,0,0,0,0
Archaea,superkingdom,0,0,0,0,0,24943,2296,2272,6427,11497,3443,3884,630,3217,1012,338,184,950,932
Methanobacteriales,order,0,0,0,0,0,24681,2173,1461,6407,11345,3119,3767,586,2761,935,305,184,950,932
Methanobacteriaceae,family,0,0,0,0,0,24681,2173,1461,6407,11345,3119,3767,586,2761,935,305,184,950,932
Methanobrevibacter,genus,0,0,0,0,0,24674,2173,1461,6407,11345,3119,3767,586,2761,935,305,184,950,932
Methanobrevibacter smithii,species,0,0,0,0,0,24634,2173,1298,6398,11345,3119,3767,586,2761,935,305,184,950,932
Viruses,superkingdom,0,0,0,0,0,17,0,0,3,0,0,0,0,0,0,0,0,0,0
Siphoviridae,family,0,0,0,0,0,17,0,0,0,0,0,0,0,0,0,0,0,0,0
unclassified sequences,no_rank,0,0,0,0,0,3649,7543,7628,2393,0,0,0,0,0,0,0,0,0,0
Caudovirales,order,0,0,0,0,0,17,0,0,0,0,0,0,0,0,0,0,0,0,0
Euryarchaeota,phylum,0,0,0,0,0,24943,2296,2272,6427,11497,3443,3884,630,3217,1012,338,184,950,932
Burkholderia,genus,0,0,0,0,0,17,12,108,0,0,0,0,0,0,0,0,0,0,0
Aquificales,order,0,0,0,0,0,7,0,0,0,0,0,0,0,0,0,0,0,0,0
unidentified,no_rank,0,0,0,0,0,33,0,108,3,0,0,0,0,0,0,0,0,0,0
[Ruminococcus] torques,species,0,0,0,0,0,7,0,0,3,0,0,0,0,0,0,0,0,0,0
unclassified Firmicutes sensu stricto,no_rank,0,0,0,0,0,7,0,0,0,0,0,0,0,0,0,0,0,0,0
"dsDNA viruses, no RNA stage",no_rank,0,0,0,0,0,17,0,0,0,0,0,0,0,0,0,0,0,0,0
Clostridium saccharoperbutylacetonicum,species,0,0,0,0,0,7,0,0,0,0,0,0,0,0,0,0,0,0,0
unclassified Bacteroidetes (miscellaneous),no_rank,0,0,0,0,0,10,0,0,0,0,0,0,0,0,0,0,0,0,0
Granulicatella adiacens,species,0,0,0,0,0,7,0,0,20,0,64,46,0,0,0,163,0,21,80
Weissella,genus,0,0,0,0,0,7,0,0,0,0,0,0,0,0,0,0,0,0,0
Psychroserpens,genus,0,0,0,0,0,13,0,0,0,0,0,0,0,0,0,0,0,0,0
Chryseobacterium,genus,0,0,0,0,0,13,0,0,0,0,0,0,0,0,0,0,0,0,0
unidentified rumen bacterium RC15,species,0,0,0,0,0,7,0,0,0,0,0,0,0,0,0,0,0,0,0
Corynebacterium durum,species,0,0,0,0,0,7,0,0,8,0,0,0,0,0,0,0,0,0,0
unidentified rumen bacterium RFN33,species,0,0,0,0,0,13,0,0,18,0,0,0,0,0,0,0,0,0,0
Leuconostocaceae,family,0,0,0,0,0,30,0,0,0,0,0,0,29,72,179,0,21,226,23
unclassified Firmicutes sensu stricto (miscellaneous),no_rank,0,0,0,0,0,7,0,0,0,0,0,0,0,0,0,0,0,0,0
Bacteroides acidifaciens,species,0,0,0,0,0,20,0,0,0,206,350,82,219,96,38,447,390,2030,161
Saprospiraceae,family,0,0,0,0,0,7,0,0,0,0,0,0,0,0,0,0,0,0,0
Granulicatella,genus,0,0,0,0,0,7,0,0,30,0,64,46,0,0,0,163,0,21,80
Methylobacteriaceae,family,0,0,0,0,0,415,0,0,0,0,0,0,0,0,0,0,0,0,0
Salana,genus,0,0,0,0,0,7,0,0,0,0,0,0,0,0,0,0,0,0,0
Beutenbergiaceae,family,0,0,0,0,0,7,0,0,0,0,0,0,0,0,0,0,0,0,0
cellular organisms,no_rank,0,0,0,0,0,1024943,1002296,1002272,1006427,1011497,1003443,1003884,1000630,1003217,1001012,1000338,1000184,1000950,1000932
Lactobacillus prophage Lj928,species,0,0,0,0,0,17,0,0,0,0,0,0,0,0,0,0,0,0,0
[Eubacterium] sulci,species,0,0,0,0,0,7,0,0,3,0,0,0,0,0,0,0,0,0,0
Cellvibrio japonicus,species,0,0,0,0,0,7,0,0,0,0,0,0,0,0,0,0,0,0,0
Reichenbachiella,genus,0,0,0,0,0,7,0,0,3,0,0,0,0,0,0,0,0,0,0
Jeotgalibacillus,genus,0,0,0,0,0,7,0,0,0,0,0,0,0,0,0,0,0,0,0
unclassified Bacteroidetes,no_rank,0,0,0,0,0,17,0,0,0,0,0,0,0,0,0,0,0,0,0
Methanobacteria,class,0,0,0,0,0,24681,2173,1461,6407,11345,3119,3767,586,2761,935,305,184,950,932
Aquificae,class,0,0,0,0,0,7,0,0,0,0,0,0,0,0,0,0,0,0,0
unclassified Siphoviridae,no_rank,0,0,0,0,0,17,0,0,0,0,0,0,0,0,0,0,0,0,0
Aquificae,phylum,0,0,0,0,0,7,0,0,0,0,0,0,0,0,0,0,0,0,0
Syntrophaceae,family,0,0,0,0,0,47,0,0,0,0,0,0,0,0,0,0,0,0,0
Hydrogenothermaceae,family,0,0,0,0,0,7,0,0,0,0,0,0,0,0,0,0,0,0,0
Methanomicrobia,class,0,0,0,0,0,263,123,703,20,151,324,117,43,456,76,32,0,0,0
Halothiobacillaceae,family,0,0,0,0,0,7,0,0,0,0,0,0,0,0,0,0,0,0,0
metagenome,no_rank,0,0,0,0,0,1150,135,108,683,0,0,0,0,0,0,0,0,0,0
Streptococcus pseudopneumoniae,species,0,0,0,0,0,33,12,0,10,0,0,0,0,0,0,0,0,0,0
Catabacter,genus,0,0,0,0,0,7,0,0,21,0,0,46,58,0,51,98,43,118,161
Catabacter hongkongensis,species,0,0,0,0,0,7,0,0,21,0,0,23,0,0,25,32,0,54,80
Pontibacillus,genus,0,0,0,0,0,13,0,0,0,0,0,0,0,0,0,0,0,0,0
Anaerolineae,class,0,0,0,0,0,37,12,0,0,0,0,0,0,0,0,0,0,0,0
Anaerolineales,order,0,0,0,0,0,37,12,0,0,0,0,0,0,0,0,0,0,0,0
Anaerostipes sp. IE4,species,0,0,0,0,0,7,0,0,0,0,0,0,0,0,0,0,21,0,0
Bacteroides dorei,species,0,0,0,0,0,7,0,0,3,0,0,0,0,0,0,0,0,0,0
Lysinibacillus,genus,0,0,0,0,0,10,0,0,0,0,0,0,0,0,0,0,0,0,0
Clostridiales bacterium A2-162,species,0,0,0,0,0,7,0,0,0,0,0,0,0,0,0,0,0,0,0
metagenomes,no_rank,0,0,0,0,0,1814,902,541,1216,0,0,0,0,0,0,0,0,0,0
human gut metagenome,no_rank,0,0,0,0,0,665,755,325,533,0,0,0,0,0,0,0,0,0,0
organismal metagenomes,no_rank,0,0,0,0,0,665,755,325,533,0,0,0,0,0,0,0,0,0,0
Ruminococcus torques ATCC 27756,no_rank,0,0,0,0,0,7,0,0,3,0,0,0,0,0,0,0,0,0,0
Lactococcus lactis subsp. cremoris MG1363,no_rank,0,0,0,0,0,7,0,0,7,0,0,0,0,0,0,0,0,0,0
Catabacteriaceae,family,0,0,0,0,0,7,0,0,21,0,0,46,58,0,51,98,43,118,161
Ruminococcus gauvreauii,species,0,0,0,0,0,7,0,0,13,0,0,0,0,0,0,0,0,0,0
unclassified Rhodospirillales,no_rank,0,0,0,0,0,7,0,0,0,0,0,0,0,0,0,0,0,0,0
unclassified Methanomicrobia,no_rank,0,0,0,0,0,263,123,703,20,151,324,117,43,456,76,32,0,0,0
Eggerthella lenta DSM 2243,no_rank,0,0,0,0,0,23,0,0,0,0,0,0,0,0,0,0,0,0,0
Cellvibrio japonicus Ueda107,no_rank,0,0,0,0,0,7,0,0,0,0,0,0,0,0,0,0,0,0,0
Holophagae,class,0,0,0,0,0,7,12,0,7,0,0,0,0,0,0,0,0,0,0
Holophagales,order,0,0,0,0,0,7,0,0,3,0,0,0,0,0,0,0,0,0,0
Bacteroides oleiciplenus,species,0,0,0,0,0,7,55,0,26,0,0,0,0,0,0,0,0,0,0
Spongiibacter,genus,0,0,0,0,0,7,0,0,0,0,0,0,0,0,0,0,0,0,0
Bacteroides sp. TP-5,species,0,0,0,0,0,27,92,0,130,398,571,164,205,336,0,709,1073,356,0
Lachnospiraceae bacterium 2_1_58FAA,species,0,0,0,0,0,23,18,0,43,0,0,0,0,0,0,0,0,0,0
Lachnospiraceae bacterium 1_4_56FAA,species,0,0,0,0,0,37,0,0,0,0,0,0,0,0,0,0,0,0,0
Peptoclostridium difficile BI1,no_rank,0,0,0,0,0,10,0,0,3,0,0,0,0,0,0,0,0,0,0
Bacteroides oleiciplenus YIT 12058,no_rank,0,0,0,0,0,7,55,0,26,0,0,0,0,0,0,0,0,0,0
Streptococcus parasanguinis ATCC 15912,no_rank,0,0,0,0,0,10,0,0,30,0,0,0,0,0,0,0,0,0,0
Methanobrevibacter smithii TS146A,no_rank,0,0,0,0,0,13,0,0,7,0,0,0,0,0,0,0,0,0,0
Clostridium saccharoperbutylacetonicum N1-4(HMT),no_rank,0,0,0,0,0,7,0,0,0,0,0,0,0,0,0,0,0,0,0
Acidiferrobacter,genus,0,0,0,0,0,47,0,0,15,0,0,0,0,0,0,0,0,0,0
Candidatus Riegeria,genus,0,0,0,0,0,7,0,0,0,0,0,0,0,0,0,0,0,0,0
Methanomassiliicoccus,genus,0,0,0,0,0,263,123,703,20,151,324,117,43,456,76,32,0,0,0
Methanomassiliicoccus luminyensis,species,0,0,0,0,0,183,123,703,13,0,0,0,0,0,0,0,0,0,0
bacterium NLAE-zl-P872,species,0,0,0,0,0,23,0,0,71,0,0,0,0,0,0,0,0,0,0
Methanomassiliicoccus luminyensis B10,no_rank,0,0,0,0,0,183,123,703,13,0,0,0,0,0,0,0,0,0,0
Clostridiales bacterium RM3,species,0,0,0,0,0,7,37,0,16,0,0,0,0,0,0,0,0,0,0
Candidatus Soleaferrea massiliensis AP7,no_rank,0,0,0,0,0,7,0,0,3,0,0,0,0,0,0,0,0,0,0
Clostridium saccharoperbutylacetonicum N1-4,no_rank,0,0,0,0,0,7,0,0,0,0,0,0,0,0,0,0,0,0,0
Candidatus Soleaferrea,genus,0,0,0,0,0,7,0,0,3,41,155,70,0,48,25,54,86,21,115
Candidatus Soleaferrea massiliensis,species,0,0,0,0,0,7,0,0,3,0,0,0,0,0,0,0,0,0,0
Neisseriaceae,family,0,0,0,0,0,0,31,0,0,0,0,0,0,0,0,0,0,0,0
Yersinia,genus,0,0,0,0,0,0,12,0,0,0,0,0,0,0,0,0,0,0,0
Yersinia enterocolitica,species,0,0,0,0,0,0,12,0,0,0,0,0,0,0,0,0,0,0,0
Butyrivibrio fibrisolvens,species,0,0,0,0,0,0,25,0,0,0,0,0,0,0,0,0,0,0,0
Syntrophomonas,genus,0,0,0,0,0,0,12,0,0,0,0,0,0,0,0,0,0,0,0
Desulfovibrio desulfuricans,species,0,0,0,0,0,0,12,0,12,0,0,0,0,0,0,0,0,0,0
Lactobacillus sakei,species,0,0,0,0,0,0,12,0,0,0,0,0,0,0,0,0,0,0,0
Bifidobacterium dentium,species,0,0,0,0,0,0,12,0,0,0,0,0,0,0,0,0,0,0,0
Syntrophobacter,genus,0,0,0,0,0,0,12,0,0,0,0,0,0,0,0,0,0,0,0
Desulfovibrio simplex,species,0,0,0,0,0,0,18,0,0,0,0,0,0,0,0,0,0,0,0
Microgenomates,phylum,0,0,0,0,0,0,12,0,0,0,0,0,0,0,0,0,0,0,0
Mesorhizobium,genus,0,0,0,0,0,0,12,0,0,0,0,0,0,0,0,0,0,0,0
Phyllobacteriaceae,family,0,0,0,0,0,0,12,0,0,0,0,0,0,0,0,0,0,0,0
Syntrophobacter fumaroxidans,species,0,0,0,0,0,0,12,0,0,0,0,0,0,0,0,0,0,0,0
Yersinia enterocolitica subsp. palearctica,subspecies,0,0,0,0,0,0,12,0,0,0,0,0,0,0,0,0,0,0,0
Shuttleworthia,genus,0,0,0,0,0,0,12,0,3,0,0,0,0,0,0,0,0,0,0
Desulfobulbaceae,family,0,0,0,0,0,0,18,0,0,0,0,0,0,0,0,0,0,0,0
Syntrophobacteraceae,family,0,0,0,0,0,0,12,0,3,0,0,0,0,0,0,0,0,0,0
Bacteroides cellulosilyticus,species,0,0,0,0,0,0,18,433,0,0,0,0,0,0,0,0,0,0,0
Veillonella rodentium,species,0,0,0,0,0,0,12,0,0,0,0,0,0,0,0,0,0,0,0
Veillonella sp. oral clone VeillE3,species,0,0,0,0,0,0,12,0,36,0,0,0,0,0,0,0,0,0,0
Syntrophobacter fumaroxidans MPOB,no_rank,0,0,0,0,0,0,12,0,0,0,0,0,0,0,0,0,0,0,0
ecological metagenomes,no_rank,0,0,0,0,0,0,12,108,0,0,0,0,0,0,0,0,0,0,0
Bacteroides cellulosilyticus DSM 14838,no_rank,0,0,0,0,0,0,18,433,0,0,0,0,0,0,0,0,0,0,0
Thermoanaerobacterales Family III. Incertae Sedis,family,0,0,0,0,0,0,12,0,5,0,0,0,0,0,0,0,0,0,0
Rhodothermaceae,family,0,0,0,0,0,0,18,0,0,0,0,0,0,0,0,0,0,0,0
Clostridium sp. AG07-1,species,0,0,0,0,0,0,12,0,0,0,0,0,0,0,0,0,0,0,0
Escherichia sp. P14,species,0,0,0,0,0,0,25,0,0,0,0,0,0,0,0,0,0,0,0
Burkholderia kururiensis,species,0,0,0,0,0,0,12,0,0,0,0,0,0,0,0,0,0,0,0
Yersinia enterocolitica subsp. palearctica 105.5R(r),no_rank,0,0,0,0,0,0,12,0,0,0,0,0,0,0,0,0,0,0,0
Nitrospinae,phylum,0,0,0,0,0,0,12,0,0,0,0,0,0,0,0,0,0,0,0
Nitrospinia,class,0,0,0,0,0,0,12,0,0,0,0,0,0,0,0,0,0,0,0
Nitrospinales,order,0,0,0,0,0,0,12,0,0,0,0,0,0,0,0,0,0,0,0
Thermoplasmata,class,0,0,0,0,0,0,0,108,0,0,0,0,0,0,0,0,0,0,0
Oscillatoriales,order,0,0,0,0,0,0,0,108,0,0,0,0,0,0,0,0,0,0,0
Gallionellaceae,family,0,0,0,0,0,0,0,108,0,0,0,0,0,0,0,0,0,0,0
Gallionellales,order,0,0,0,0,0,0,0,108,0,0,0,0,0,0,0,0,0,0,0
Pleurocapsales,order,0,0,0,0,0,0,0,487,0,0,0,0,0,0,0,0,0,0,0
Acholeplasmataceae,family,0,0,0,0,0,0,0,108,23,0,0,0,0,0,0,0,0,0,0
Acholeplasmatales,order,0,0,0,0,0,0,0,108,23,0,0,0,0,0,0,0,0,0,0
Xylophilus,genus,0,0,0,0,0,0,0,162,0,0,0,0,0,0,0,0,0,0,0
Caulobacter,genus,0,0,0,0,0,0,0,0,5,0,0,0,0,0,0,0,0,0,0
Leptospiraceae,family,0,0,0,0,0,0,0,0,5,0,0,0,0,0,0,0,0,0,0
Campylobacter,genus,0,0,0,0,0,0,0,0,3,0,0,0,0,0,0,0,0,0,0
Acetobacteraceae,family,0,0,0,0,0,0,0,0,7,0,0,0,0,0,0,0,0,0,0
Campylobacter ureolyticus,species,0,0,0,0,0,0,0,0,3,0,0,0,0,0,0,0,0,0,0
Nostocales,order,0,0,0,0,0,0,0,0,3,0,0,0,0,0,0,0,0,0,0
Scytonemataceae,family,0,0,0,0,0,0,0,0,3,0,0,0,0,0,0,0,0,0,0
Pediococcus,genus,0,0,0,0,0,0,0,0,130,0,0,0,0,0,0,0,0,0,0
Pediococcus acidilactici,species,0,0,0,0,0,0,0,0,71,0,0,0,0,0,0,0,0,0,0
Pediococcus pentosaceus,species,0,0,0,0,0,0,0,0,59,0,0,0,0,0,0,0,0,0,0
Streptococcus agalactiae,species,0,0,0,0,0,0,0,0,8,178,64,23,29,0,0,0,0,0,0
Streptococcus equi,species,0,0,0,0,0,0,0,0,8,0,0,0,0,0,0,0,0,0,0
Saccharomonospora,genus,0,0,0,0,0,0,0,0,3,0,0,0,0,0,0,0,0,0,0
Streptomyces,genus,0,0,0,0,0,0,0,0,3,0,0,0,0,0,0,0,0,0,0
Streptomycetaceae,family,0,0,0,0,0,0,0,0,3,0,0,0,0,0,0,0,0,0,0
unclassified phages,no_rank,0,0,0,0,0,0,0,0,3,0,0,0,0,0,0,0,0,0,0
Porphyromonas asaccharolytica,species,0,0,0,0,0,0,0,0,21,0,0,0,0,0,0,0,0,0,0
Prevotella melaninogenica,species,0,0,0,0,0,0,0,0,7,0,0,0,0,0,0,0,0,0,0
Rhodobacteraceae,family,0,0,0,0,0,0,0,0,290,0,0,0,0,0,0,0,0,0,0
Leptonema,genus,0,0,0,0,0,0,0,0,5,0,0,0,0,0,0,0,0,0,0
Anaerococcus vaginalis,species,0,0,0,0,0,0,0,0,112,0,0,0,0,0,0,0,0,0,0
Dialister pneumosintes,species,0,0,0,0,0,0,0,0,3,0,0,0,0,0,0,0,0,0,0
Tissierella,genus,0,0,0,0,0,0,0,0,5,27,0,0,0,0,0,0,0,0,0
Sporobacter,genus,0,0,0,0,0,0,0,0,5,0,51,70,29,48,64,76,21,75,23
Bacteroides stercoris,species,0,0,0,0,0,0,0,0,3,0,0,0,0,0,0,0,0,0,0
Alteromonadaceae,family,0,0,0,0,0,0,0,0,153,0,0,0,0,0,0,0,0,0,0
Streptococcus constellatus,species,0,0,0,0,0,0,0,0,16,0,0,0,0,0,0,0,0,0,0
Succinivibrionaceae,family,0,0,0,0,0,0,0,0,7,0,0,0,0,0,0,0,0,0,0
Succinimonas,genus,0,0,0,0,0,0,0,0,7,0,0,0,0,0,0,0,0,0,0
Streptomycineae,suborder,0,0,0,0,0,0,0,0,3,0,0,0,0,0,0,0,0,0,0
Dermatophilaceae,family,0,0,0,0,0,0,0,0,7,0,0,0,0,0,0,0,0,0,0
Crenotrichaceae,family,0,0,0,0,0,0,0,0,3,0,0,0,0,0,0,0,0,0,0
Anaerostipes caccae,species,0,0,0,0,0,0,0,0,53,0,0,0,0,0,0,0,0,0,0
Streptococcus dysgalactiae group,species_group,0,0,0,0,0,0,0,0,8,0,0,0,0,0,0,0,0,0,0
Roseomonas,genus,0,0,0,0,0,0,0,0,7,0,0,0,0,0,0,0,0,0,0
Geobacillus,genus,0,0,0,0,0,0,0,0,3,0,0,0,0,0,0,0,0,0,0
Azospira,genus,0,0,0,0,0,0,0,0,3,0,0,0,0,0,0,0,0,0,0
Caulobacter vibrioides,species,0,0,0,0,0,0,0,0,5,0,0,0,0,0,0,0,0,0,0
Prevotella copri,species,0,0,0,0,0,0,0,0,26,0,0,0,0,0,0,0,0,0,0
Anaerophaga,genus,0,0,0,0,0,0,0,0,10,0,0,0,0,0,0,0,0,0,0
Blautia schinkii,species,0,0,0,0,0,0,0,0,7,0,0,0,0,0,0,0,0,0,0
unclassified Lactobacillales,no_rank,0,0,0,0,0,0,0,0,3,0,0,0,0,0,0,0,0,0,0
Caulobacter crescentus CB15,no_rank,0,0,0,0,0,0,0,0,5,0,0,0,0,0,0,0,0,0,0
Anaerofustis stercorihominis,species,0,0,0,0,0,0,0,0,3,68,38,0,0,48,0,43,21,0,0
Gemmatimonadetes,class,0,0,0,0,0,0,0,0,5,0,0,0,0,0,0,0,0,0,0
Gemmatimonadales,order,0,0,0,0,0,0,0,0,5,0,0,0,0,0,0,0,0,0,0
Jeotgalicoccus,genus,0,0,0,0,0,0,0,0,7,0,0,0,0,0,0,0,0,0,0
Fastidiosipila,genus,0,0,0,0,0,0,0,0,3,0,25,23,0,0,0,0,0,0,0
Ruminococcus sp. YE58,species,0,0,0,0,0,0,0,0,5,0,0,0,0,0,0,0,0,0,0
Rickettsiales genera incertae sedis,no_rank,0,0,0,0,0,0,0,0,3,0,0,0,0,0,0,0,0,0,0
unclassified Lactobacillales (miscellaneous),no_rank,0,0,0,0,0,0,0,0,3,0,0,0,0,0,0,0,0,0,0
Pseudoalteromonadaceae,family,0,0,0,0,0,0,0,0,3,0,0,0,0,0,0,0,0,0,0
Bacteroides nordii,species,0,0,0,0,0,0,0,0,12,0,0,23,0,0,0,0,0,21,0
Roseburia hominis,species,0,0,0,0,0,0,0,0,5,0,0,0,0,1344,551,0,1648,0,0
Solirubrobacteraceae,family,0,0,0,0,0,0,0,0,3,0,0,0,0,0,0,0,0,0,0
bacterium ic1291,species,0,0,0,0,0,0,0,0,7,0,0,0,0,0,0,0,0,0,0
bacterium ic1340,species,0,0,0,0,0,0,0,0,3,0,0,0,0,0,0,0,0,0,0
Brasilonema,genus,0,0,0,0,0,0,0,0,3,0,0,0,0,0,0,0,0,0,0
Tamlana,genus,0,0,0,0,0,0,0,0,7,0,0,0,0,0,0,0,0,0,0
Clostridium sp. Iso-W6,species,0,0,0,0,0,0,0,0,3,0,0,0,0,0,0,0,0,0,0
Anaerostipes caccae DSM 14662,no_rank,0,0,0,0,0,0,0,0,53,0,0,0,0,0,0,0,0,0,0
Brasilonema octagenarum,species,0,0,0,0,0,0,0,0,3,0,0,0,0,0,0,0,0,0,0
Brasilonema octagenarum UFV-E1,no_rank,0,0,0,0,0,0,0,0,3,0,0,0,0,0,0,0,0,0,0
Anaerotruncus colihominis DSM 17241,no_rank,0,0,0,0,0,0,0,0,8,0,0,0,0,0,0,0,0,0,0
Clostridiales bacterium 1_7_47FAA,species,0,0,0,0,0,0,0,0,5,0,0,0,0,0,0,0,0,0,0
Blautia glucerasea,species,0,0,0,0,0,0,0,0,5,82,51,0,29,144,115,32,65,0,0
unclassified Erysipelotrichaceae (miscellaneous),no_rank,0,0,0,0,0,0,0,0,135,0,0,0,0,0,0,0,0,0,0
Actinomyces oris,species,0,0,0,0,0,0,0,0,12,0,0,0,0,0,0,0,0,0,0
Holophagaceae,family,0,0,0,0,0,0,0,0,3,0,0,0,0,0,0,0,0,0,0
Roseburia hominis A2-183,no_rank,0,0,0,0,0,0,0,0,5,0,0,0,0,0,0,0,0,0,0
Solirubrobacterales,order,0,0,0,0,0,0,0,0,3,0,0,0,0,0,0,0,0,0,0
swine fecal bacterium SD-Xyl6,species,0,0,0,0,0,0,0,0,12,0,0,0,0,0,0,0,0,0,0
Bacteroides clarus,species,0,0,0,0,0,0,0,0,3,0,0,0,0,0,0,0,0,0,0
Erysipelotrichaceae bacterium 21_3,species,0,0,0,0,0,0,0,0,36,0,0,0,0,0,0,0,0,0,0
Erysipelotrichaceae bacterium 3_1_53,species,0,0,0,0,0,0,0,0,99,0,0,0,0,0,0,0,0,0,0
Streptococcus anginosus group,species_group,0,0,0,0,0,0,0,0,20,0,0,0,0,0,0,0,0,0,0
Clostridium sp. enrichment culture clone P-4a,species,0,0,0,0,0,0,0,0,92,0,0,0,0,0,0,0,0,0,0
Bacteroides clarus YIT 12056,no_rank,0,0,0,0,0,0,0,0,3,0,0,0,0,0,0,0,0,0,0
rumen bacterium NK4B4,species,0,0,0,0,0,0,0,0,3,0,0,0,0,0,0,0,0,0,0
Streptococcus phage PhiSpn_200,species,0,0,0,0,0,0,0,0,3,0,0,0,0,0,0,0,0,0,0
Clostridiales bacterium 10-3b,species,0,0,0,0,0,0,0,0,5,0,0,0,0,0,0,0,0,0,0
Clostridiales bacterium 37-2a,species,0,0,0,0,0,0,0,0,257,0,0,0,0,0,0,0,0,0,0
Clostridiales bacterium 9400853,species,0,0,0,0,0,0,0,0,74,0,0,0,0,0,0,0,0,0,0
Clostridiales bacterium 9401234,species,0,0,0,0,0,0,0,0,69,0,0,0,0,0,0,0,0,0,0
Streptococcus agalactiae CCUG 44186,no_rank,0,0,0,0,0,0,0,0,3,0,0,0,0,0,0,0,0,0,0
Peptoniphilus sp. BV3AC2,species,0,0,0,0,0,0,0,0,21,0,0,0,0,0,0,0,0,0,0
bacterium NLAE-zl-C173,species,0,0,0,0,0,0,0,0,89,0,0,0,0,0,0,0,0,0,0
bacterium NLAE-zl-C184,species,0,0,0,0,0,0,0,0,13,0,0,0,0,0,0,0,0,0,0
bacterium NLAE-zl-C312,species,0,0,0,0,0,0,0,0,3,0,0,0,0,0,0,0,0,0,0
bacterium NLAE-zl-C350,species,0,0,0,0,0,0,0,0,66,0,0,0,0,0,0,0,0,0,0
bacterium NLAE-zl-P743,species,0,0,0,0,0,0,0,0,7,0,0,0,0,0,0,0,0,0,0
bacterium NLAE-zl-G382,species,0,0,0,0,0,0,0,0,10,0,0,0,0,0,0,0,0,0,0
Candidatus Alistipes marseilloanorexicus AP11,no_rank,0,0,0,0,0,0,0,0,3,0,0,0,0,0,0,0,0,0,0
Metallibacterium,genus,0,0,0,0,0,0,0,0,7,0,0,0,0,0,0,0,0,0,0
bacterium CCF-01,species,0,0,0,0,0,0,0,0,7,0,0,0,0,0,0,0,0,0,0
Staphylococcus petrasii,species,0,0,0,0,0,0,0,0,7,0,0,0,0,0,0,0,0,0,0
Intestinimonas butyriciproducens,species,0,0,0,0,0,0,0,0,3,27,25,23,0,0,25,0,0,0,0
Intestinimonas,genus,0,0,0,0,0,0,0,0,3,701,740,622,703,2041,820,2040,1192,907,460
Candidatus Alistipes marseilloanorexicus,species,0,0,0,0,0,0,0,0,3,0,0,0,0,0,0,0,0,0,0
Intestinimonas butyriciproducens AP4,no_rank,0,0,0,0,0,0,0,0,3,0,0,0,0,0,0,0,0,0,0
Cloacibacillus,genus,0,0,0,0,0,0,0,0,0,1279,4197,375,322,576,102,152,21,108,138
Kluyvera,genus,0,0,0,0,0,0,0,0,0,18263,26330,3474,1700,312,256,1680,1865,1274,218
Asteroleplasma,genus,0,0,0,0,0,0,0,0,0,27,142,23,73,120,64,21,0,0,0
Dielma,genus,0,0,0,0,0,0,0,0,0,123,90,129,58,0,64,141,249,32,23
Lactobacillus algidus,species,0,0,0,0,0,0,0,0,0,165,38,0,0,0,0,0,0,0,0
Hespellia,genus,0,0,0,0,0,0,0,0,0,385,207,669,293,360,307,458,986,367,368
Pasteurella pneumotropica,species,0,0,0,0,0,0,0,0,0,27,77,0,29,0,0,0,0,21,0
Dialister propionicifaciens,species,0,0,0,0,0,0,0,0,0,3066,3262,1701,3781,7107,4781,1898,683,64,967
Anaerovorax,genus,0,0,0,0,0,0,0,0,0,55,25,0,0,0,0,0,0,0,0
Bacteroides thetaiotaomicron,species,0,0,0,0,0,0,0,0,0,178,389,70,87,0,0,98,0,270,0
Fibrobacter,genus,0,0,0,0,0,0,0,0,0,82,90,70,131,72,89,87,21,54,103
Fibrobacteraceae,family,0,0,0,0,0,0,0,0,0,137,90,70,131,72,166,87,21,216,195
Pasteurella,genus,0,0,0,0,0,0,0,0,0,27,77,0,29,0,0,0,0,21,0
Terrisporobacter,genus,0,0,0,0,0,0,0,0,0,4937,4886,2429,2154,2161,2576,2050,520,2300,3649
Gelria,genus,0,0,0,0,0,0,0,0,0,151,324,187,234,264,89,98,0,129,69
Bacteroides stercorirosoris,species,0,0,0,0,0,0,0,0,0,206,233,23,0,0,115,21,0,64,46
Intestinibacter,genus,0,0,0,0,0,0,0,0,0,35055,5484,17112,7827,8572,16563,1396,585,7258,32882
Anaeroplasmatales,order,0,0,0,0,0,0,0,0,0,27,142,23,73,120,64,21,0,0,0
Anaeroplasmataceae,family,0,0,0,0,0,0,0,0,0,27,142,23,73,120,64,21,0,0,0
Terrisporobacter glycolicus,species,0,0,0,0,0,0,0,0,0,192,25,152,366,216,192,610,347,496,656
Haemophilus parainfluenzae,species,0,0,0,0,0,0,0,0,0,0,64,0,0,0,0,152,216,32,0
Veillonella atypica,species,0,0,0,0,0,0,0,0,0,0,25,0,0,0,0,0,21,0,0
Bacteroides finegoldii,species,0,0,0,0,0,0,0,0,0,0,155,0,43,0,0,196,75,86,0
Abiotrophia,genus,0,0,0,0,0,0,0,0,0,0,0,23,0,0,0,21,0,0,0
unclassified Bacillales,no_rank,0,0,0,0,0,0,0,0,0,0,0,23,0,48,0,0,0,32,23
Bacteroides coprocola,species,0,0,0,0,0,0,0,0,0,0,0,23,0,0,0,0,0,0,0
Christensenella minuta,species,0,0,0,0,0,0,0,0,0,0,0,35,0,0,0,21,0,0,0
Dielma fastidiosa,species,0,0,0,0,0,0,0,0,0,0,0,58,0,0,0,0,0,0,0
Candidatus Stoquefichus,genus,0,0,0,0,0,0,0,0,0,0,0,23,0,0,0,0,0,0,0
Pseudomonas aeruginosa,species,0,0,0,0,0,0,0,0,0,0,0,0,29,0,0,0,0,0,0
Pseudomonas aeruginosa group,species_group,0,0,0,0,0,0,0,0,0,0,0,0,29,0,0,0,0,0,0
Acetanaerobacterium,genus,0,0,0,0,0,0,0,0,0,0,0,0,29,48,25,32,0,0,23
Bacteroides chinchillae,species,0,0,0,0,0,0,0,0,0,0,0,0,73,0,0,0,0,0,0
Klebsiella,genus,0,0,0,0,0,0,0,0,0,0,0,0,0,192,141,0,0,0,46
Klebsiella oxytoca,species,0,0,0,0,0,0,0,0,0,0,0,0,0,192,141,0,0,0,46
Leuconostoc carnosum,species,0,0,0,0,0,0,0,0,0,0,0,0,0,0,38,0,0,0,0
Corynebacterium mastitidis,species,0,0,0,0,0,0,0,0,0,0,0,0,0,0,25,21,0,0,0
Leuconostoc inhae,species,0,0,0,0,0,0,0,0,0,0,0,0,0,0,38,0,0,194,0
Lactobacillus delbrueckii,species,0,0,0,0,0,0,0,0,0,0,0,0,0,0,0,65,21,0,0
Catonella,genus,0,0,0,0,0,0,0,0,0,0,0,0,0,0,0,21,0,0,0
Parvimonas,genus,0,0,0,0,0,0,0,0,0,0,0,0,0,0,0,21,0,0,23
Parvimonas sp. oral taxon 393,species,0,0,0,0,0,0,0,0,0,0,0,0,0,0,0,21,0,0,23
Erysipelatoclostridium ramosum,species,0,0,0,0,0,0,0,0,0,0,0,0,0,0,0,0,21,0,0
Lactobacillus crispatus,species,0,0,0,0,0,0,0,0,0,0,0,0,0,0,0,0,0,64,667
Microbacterium,genus,0,0,0,0,0,0,0,0,0,0,0,0,0,0,0,0,0,0,23
Fusobacterium necrogenes,species,0,0,0,0,0,0,0,0,0,0,0,0,0,0,0,0,0,0,23
Fusobacteriia,class,0,0,0,0,0,0,0,0,0,0,0,0,0,0,0,0,0,0,23
Fusobacteriales,order,0,0,0,0,0,0,0,0,0,0,0,0,0,0,0,0,0,0,23
Fusobacterium,genus,0,0,0,0,0,0,0,0,0,0,0,0,0,0,0,0,0,0,23
Fusobacteriaceae,family,0,0,0,0,0,0,0,0,0,0,0,0,0,0,0,0,0,0,23